[{"id": "@982", "title": "Luaのバージョン (choco)", "date": "2022-08-14", "priority": "低", "status": "未処理", "link": "https://nadesi.com/cgi/bug/index.php?m=thread&threadid=982"}, {"id": "@981", "title": "Indyの最新版に対応する (クジラ飛行机)", "date": "2022-08-03", "priority": "高", "status": "未処理", "link": "https://nadesi.com/cgi/bug/index.php?m=thread&threadid=981"}, {"id": "@980", "title": "なでしこv1の『ブラウザ部品』サポート終了を明記.. (クジラ飛行机) --> WebView対応について(クジラ飛行机)", "date": "2022-07-05", "priority": "低", "status": "未処理", "link": "https://nadesi.com/cgi/bug/index.php?m=thread&threadid=980"}, {"id": "@979", "title": "メール送信がエラーになります (アヴァンス) --> 二段階認証を有効にし、アプリパスワードを発行する(クジラ飛行机)", "date": "2022-06-23", "priority": "中", "status": "告知", "link": "https://nadesi.com/cgi/bug/index.php?m=thread&threadid=979"}, {"id": "@976", "title": "Windows 10でカーソルが消える (NON) --> 修正感謝です(NON)", "date": "2022-05-20", "priority": "中", "status": "解決", "link": "https://nadesi.com/cgi/bug/index.php?m=thread&threadid=976"}, {"id": "@978", "title": "消しました (使ってます)", "date": "2022-05-19", "priority": "低", "status": "解決", "link": "https://nadesi.com/cgi/bug/index.php?m=thread&threadid=978"}, {"id": "@977", "title": "[TODO] メール送信ライブラリの差し替え (クジラ飛行机)", "date": "2022-05-12", "priority": "高", "status": "アイデア", "link": "https://nadesi.com/cgi/bug/index.php?m=thread&threadid=977"}, {"id": "@974", "title": "「パックファイル文字列抽出」で空ファイルを抽出.. (一山和也) --> 確認できました(一山和也)", "date": "2022-05-12", "priority": "中", "status": "解決", "link": "https://nadesi.com/cgi/bug/index.php?m=thread&threadid=974"}, {"id": "@972", "title": "HTTPゲット命令において、Cookie記述が正常に反映.. (そら) --> クッキーの問題？(クジラ飛行机)", "date": "2022-05-12", "priority": "高", "status": "調査中", "link": "https://nadesi.com/cgi/bug/index.php?m=thread&threadid=972"}, {"id": "@975", "title": "「メール送信」で添付ファイルを指定すると「メモ.. (よるべ)", "date": "2022-04-11", "priority": "高", "status": "未処理", "link": "https://nadesi.com/cgi/bug/index.php?m=thread&threadid=975"}, {"id": "@973", "title": "なでしこｖ１でブラウザが動かない件 (トール)", "date": "2022-03-11", "priority": "低", "status": "解決", "link": "https://nadesi.com/cgi/bug/index.php?m=thread&threadid=973"}, {"id": "@971", "title": "Win11ですべてのアプリに表示されない (クジラ飛行机)", "date": "2022-03-02", "priority": "中", "status": "未処理", "link": "https://nadesi.com/cgi/bug/index.php?m=thread&threadid=971"}, {"id": "@970", "title": "JSONにおけるbool値（true/false）の扱い (UNOパパ)", "date": "2022-02-24", "priority": "中", "status": "未処理", "link": "https://nadesi.com/cgi/bug/index.php?m=thread&threadid=970"}, {"id": "@969", "title": "実行ファイルでメール送信 (吉竹) --> 件名による不具合？(tomy)", "date": "2022-02-16", "priority": "中", "status": "未処理", "link": "https://nadesi.com/cgi/bug/index.php?m=thread&threadid=969"}, {"id": "@968", "title": "ゼロ埋めについて (sky_kazu) --> ゼロ埋め命令の特性について(sky_kazu)", "date": "2022-02-15", "priority": "中", "status": "解決", "link": "https://nadesi.com/cgi/bug/index.php?m=thread&threadid=968"}, {"id": "@955", "title": "旧暦変換がおかしすぎる（六曜も） (雪乃☆雫) --> 確認しました☆(雪乃☆雫)", "date": "2022-02-09", "priority": "中", "status": "解決", "link": "https://nadesi.com/cgi/bug/index.php?m=thread&threadid=955"}, {"id": "@967", "title": "西暦100年より前の修正ユリウス日取得 (雪乃☆雫) --> できました～(雪乃☆雫)", "date": "2022-02-09", "priority": "低", "status": "未処理", "link": "https://nadesi.com/cgi/bug/index.php?m=thread&threadid=967"}, {"id": "@965", "title": "JSONエンコード、デコード見直す (クジラ飛行机) --> 解決にします(クジラ飛行机)", "date": "2022-02-08", "priority": "中", "status": "解決", "link": "https://nadesi.com/cgi/bug/index.php?m=thread&threadid=965"}, {"id": "@947", "title": "「間」「ループ」で65536回以上になると処理が遅い (TKI) --> 解決にします(クジラ飛行机)", "date": "2022-02-08", "priority": "中", "status": "解決", "link": "https://nadesi.com/cgi/bug/index.php?m=thread&threadid=947"}, {"id": "@963", "title": "xlsmの拡張子でエクセル保存が不可 (tomy)", "date": "2022-02-02", "priority": "中", "status": "解決", "link": "https://nadesi.com/cgi/bug/index.php?m=thread&threadid=963"}, {"id": "@882", "title": "母艦の最前面・最大化 ((´・ω・`)) --> 母艦の最前面化はわかりませんが・・・その2の1(GAKU)", "date": "2022-01-28", "priority": "低", "status": "アイデア", "link": "https://nadesi.com/cgi/bug/index.php?m=thread&threadid=882"}, {"id": "@964", "title": "正規表現で「unmatch separater」が出る (NON) --> 確認しました(NON)", "date": "2022-01-22", "priority": "中", "status": "解決", "link": "https://nadesi.com/cgi/bug/index.php?m=thread&threadid=964"}, {"id": "@954", "title": "FTPプログレスバーが消えない (naka) --> OS メモリー等(naka)", "date": "2022-01-12", "priority": "中", "status": "未処理", "link": "https://nadesi.com/cgi/bug/index.php?m=thread&threadid=954"}, {"id": "@966", "title": "可能であればExcelの削除関係の機能追加をしてほ.. (ロマンシア) --> ご対応いただきありがとうございました！(ロマンシア)", "date": "2022-01-05", "priority": "中", "status": "解決", "link": "https://nadesi.com/cgi/bug/index.php?m=thread&threadid=966"}, {"id": "@935", "title": "システム時間がラップアラウンドする (NON) --> 閉じます(クジラ飛行机)", "date": "2022-01-01", "priority": "低", "status": "解決", "link": "https://nadesi.com/cgi/bug/index.php?m=thread&threadid=935"}, {"id": "@960", "title": ".nakoファイルの上書き保存で、読み取り専用ファ.. (タカシン) --> 閉じます(クジラ飛行机)", "date": "2022-01-01", "priority": "低", "status": "解決", "link": "https://nadesi.com/cgi/bug/index.php?m=thread&threadid=960"}, {"id": "@961", "title": "Runtime error 217 at 00412206 (akkii) --> 閉じます(クジラ飛行机)", "date": "2022-01-01", "priority": "緊急", "status": "解決", "link": "https://nadesi.com/cgi/bug/index.php?m=thread&threadid=961"}, {"id": "@962", "title": "NULL(空)を日時形式変換すると、今日の日付が生成.. (ななし)", "date": "2021-07-20", "priority": "中", "status": "未処理", "link": "https://nadesi.com/cgi/bug/index.php?m=thread&threadid=962"}, {"id": "@959", "title": "「回」で　負の数　処理が遅くなる (IN) --> ご対応ありがとうございました。(IN)", "date": "2021-07-12", "priority": "緊急", "status": "解決", "link": "https://nadesi.com/cgi/bug/index.php?m=thread&threadid=959"}, {"id": "@951", "title": "ラズベリーパイで電子工作 (制御で活用) --> 解決に(クジラ飛行机)", "date": "2021-07-10", "priority": "中", "status": "解決", "link": "https://nadesi.com/cgi/bug/index.php?m=thread&threadid=951"}, {"id": "@957", "title": "rs232cでの０バイト受信での受信イベント (通り道) --> 詳細に感謝、そして要修正(クジラ飛行机)", "date": "2021-07-10", "priority": "高", "status": "修正中", "link": "https://nadesi.com/cgi/bug/index.php?m=thread&threadid=957"}, {"id": "@958", "title": "なでしこv3の要望はv3掲示板へお願いします (クジラ飛行机)", "date": "2021-06-19", "priority": "高", "status": "告知", "link": "https://nadesi.com/cgi/bug/index.php?m=thread&threadid=958"}, {"id": "@956", "title": "行末に空白があるとエラーになる (oza-jv) --> 早速のご対応ありがとうございました！(oza-jv)", "date": "2021-06-12", "priority": "低", "status": "解決", "link": "https://nadesi.com/cgi/bug/index.php?m=thread&threadid=956"}, {"id": "@953", "title": "FTPログファイル設定が動作しない (naka)", "date": "2021-06-01", "priority": "高", "status": "未処理", "link": "https://nadesi.com/cgi/bug/index.php?m=thread&threadid=953"}, {"id": "@952", "title": "繰り返し処理が謎 (丹生 光則) --> なるほど！(丹生 光則)", "date": "2021-05-02", "priority": "低", "status": "解決", "link": "https://nadesi.com/cgi/bug/index.php?m=thread&threadid=952"}, {"id": "@950", "title": "MML演奏を中止する命令がほしい (えみ)", "date": "2021-03-18", "priority": "低", "status": "未処理", "link": "https://nadesi.com/cgi/bug/index.php?m=thread&threadid=950"}, {"id": "@948", "title": "命令（コマンド）対比表が欲しい。 (まつざき) --> ほしいですね！(雪乃☆雫)", "date": "2021-03-03", "priority": "中", "status": "未処理", "link": "https://nadesi.com/cgi/bug/index.php?m=thread&threadid=948"}, {"id": "@949", "title": "なでしこ３の積み木エディタ　実現希望 (まつざき)", "date": "2021-02-18", "priority": "低", "status": "未処理", "link": "https://nadesi.com/cgi/bug/index.php?m=thread&threadid=949"}, {"id": "@937", "title": "v1のマニュアルリニューアル案 (クジラ飛行机) --> 追加します(クジラ飛行机)", "date": "2021-02-08", "priority": "中", "status": "議論中", "link": "https://nadesi.com/cgi/bug/index.php?m=thread&threadid=937"}, {"id": "@946", "title": "イメージ部品のエラー文が適切でない (TKI)", "date": "2021-01-23", "priority": "低", "status": "未処理", "link": "https://nadesi.com/cgi/bug/index.php?m=thread&threadid=946"}, {"id": "@945", "title": "バイナリ取得の引数Fを日本語で指定したい (TKI)", "date": "2021-01-01", "priority": "低", "status": "アイデア", "link": "https://nadesi.com/cgi/bug/index.php?m=thread&threadid=945"}, {"id": "@944", "title": "二次元配列の計算結果がおかしい (ねもと) --> 文字列と数値？(クジラ飛行机)", "date": "2020-12-31", "priority": "低", "status": "解決", "link": "https://nadesi.com/cgi/bug/index.php?m=thread&threadid=944"}, {"id": "@938", "title": "ヘルプ (匿名) --> 何のアカウントですか？マニュアル？(クジラ飛行机)", "date": "2020-12-31", "priority": "低", "status": "確認待ち", "link": "https://nadesi.com/cgi/bug/index.php?m=thread&threadid=938"}, {"id": "@936", "title": "要望 (匿名) --> v3の使い方はマニュアルをどうぞ(クジラ飛行机)", "date": "2020-12-31", "priority": "低", "status": "解決", "link": "https://nadesi.com/cgi/bug/index.php?m=thread&threadid=936"}, {"id": "@943", "title": "エクセル (zo3) --> 解決で良いでしょうか。(クジラ飛行机)", "date": "2020-12-31", "priority": "低", "status": "解決", "link": "https://nadesi.com/cgi/bug/index.php?m=thread&threadid=943"}, {"id": "@941", "title": "キー送信で『^』が機能していない (けい) --> キー送信で『^』が機能していない(けい)", "date": "2020-12-16", "priority": "低", "status": "解決", "link": "https://nadesi.com/cgi/bug/index.php?m=thread&threadid=941"}, {"id": "@942", "title": "「.xlsx」が正しく保存されない場合がある (クジラ飛行机) --> 以下で修正(クジラ飛行机)", "date": "2020-12-14", "priority": "中", "status": "解決", "link": "https://nadesi.com/cgi/bug/index.php?m=thread&threadid=942"}, {"id": "@940", "title": "【要望】 正規表現置換命令でインラインフラグを.. (かずらい)", "date": "2020-10-29", "priority": "低", "status": "未処理", "link": "https://nadesi.com/cgi/bug/index.php?m=thread&threadid=940"}, {"id": "@928", "title": "エクセルのシリアル値に小数部があると日時形式変.. (雪乃☆雫) --> ありがとうございました(雪乃☆雫)", "date": "2020-10-14", "priority": "低", "status": "解決", "link": "https://nadesi.com/cgi/bug/index.php?m=thread&threadid=928"}, {"id": "@939", "title": "なこったーの取得系の命令が使えない (雪乃☆雫)", "date": "2020-10-14", "priority": "高", "status": "未処理", "link": "https://nadesi.com/cgi/bug/index.php?m=thread&threadid=939"}, {"id": "@934", "title": "ブラウザでスクリプトエラーが大量発生する件 (JT) --> v3に手を出す時ですね(JT)", "date": "2020-08-18", "priority": "低", "status": "感謝", "link": "https://nadesi.com/cgi/bug/index.php?m=thread&threadid=934"}, {"id": "@933", "title": "sqlite3をパスワード付きで扱えるようにして欲しい (JT)", "date": "2020-08-11", "priority": "低", "status": "アイデア", "link": "https://nadesi.com/cgi/bug/index.php?m=thread&threadid=933"}, {"id": "@932", "title": "cnako.exe の「入力」命令で構文エラーが発生する (wt) --> 修正確認しました(wt)", "date": "2020-08-02", "priority": "中", "status": "解決", "link": "https://nadesi.com/cgi/bug/index.php?m=thread&threadid=932"}, {"id": "@923", "title": "「起動時にニュースを表示する」が重複している (wt) --> 修正確認しました(wt)", "date": "2020-08-02", "priority": "低", "status": "解決", "link": "https://nadesi.com/cgi/bug/index.php?m=thread&threadid=923"}, {"id": "@57", "title": "サーバー移行に伴うリンク切れの報告はこちらへ (クジラ飛行机) --> 移行済み(クジラ時飛行机)", "date": "2020-08-01", "priority": "高", "status": "解決", "link": "https://nadesi.com/cgi/bug/index.php?m=thread&threadid=57"}, {"id": "@921", "title": "「ヘルプ」からの「最新版の確認」が反映されてない (考え中) --> 2020/07/07 version 1.580で修正(クジラ時飛行机)", "date": "2020-07-31", "priority": "高", "status": "未処理", "link": "https://nadesi.com/cgi/bug/index.php?m=thread&threadid=921"}, {"id": "@900", "title": "RS232Cのハードウェア（RTS　CTS）フロー制御につ.. (かん) --> 解決にします。(クジラ時飛行机)", "date": "2020-07-31", "priority": "中", "status": "解決", "link": "https://nadesi.com/cgi/bug/index.php?m=thread&threadid=900"}, {"id": "@917", "title": "エディタ検索機能について (猫んだ) --> 解決にさせていただきます。(クジラ飛行机)", "date": "2020-07-29", "priority": "中", "status": "解決", "link": "https://nadesi.com/cgi/bug/index.php?m=thread&threadid=917"}, {"id": "@930", "title": "実行ファイルの更新日付 (tomato) --> 修正確認いたしました。(tomato)", "date": "2020-07-15", "priority": "低", "status": "解決", "link": "https://nadesi.com/cgi/bug/index.php?m=thread&threadid=930"}, {"id": "@926", "title": "エラー時にバージョン情報を表示する (クジラ飛行机) --> 2020/07/07 version 1.579で実装(クジラ飛行机)", "date": "2020-07-07", "priority": "中", "status": "解決", "link": "https://nadesi.com/cgi/bug/index.php?m=thread&threadid=926"}, {"id": "@924", "title": "実行ファイルを作成した時に更新日時が「2019/10/.. (EZNAVI.net(望..) --> 2020/07/07 version 1.579で修正(クジラ飛行机)", "date": "2020-07-07", "priority": "低", "status": "解決", "link": "https://nadesi.com/cgi/bug/index.php?m=thread&threadid=924"}, {"id": "@927", "title": "トークン分割 (使ってます) --> すみませんが、仕様です。(クジラ飛行机)", "date": "2020-07-07", "priority": "低", "status": "解決", "link": "https://nadesi.com/cgi/bug/index.php?m=thread&threadid=927"}, {"id": "@931", "title": "タイマーとループ動作中は閉じにくい (TKI)", "date": "2020-06-06", "priority": "低", "status": "未処理", "link": "https://nadesi.com/cgi/bug/index.php?m=thread&threadid=931"}, {"id": "@785", "title": "なでしこCGIで大ファイルを受信するとデータが途.. (NON) --> 追記2(NON)", "date": "2020-04-09", "priority": "中", "status": "未処理", "link": "https://nadesi.com/cgi/bug/index.php?m=thread&threadid=785"}, {"id": "@929", "title": "nakotterでデータを取得できない。 (一山和也)", "date": "2020-03-19", "priority": "中", "status": "未処理", "link": "https://nadesi.com/cgi/bug/index.php?m=thread&threadid=929"}, {"id": "@804", "title": "- (-)", "date": "2020-02-05", "priority": "低", "status": "解決", "link": "https://nadesi.com/cgi/bug/index.php?m=thread&threadid=804"}, {"id": "@825", "title": "- (-)", "date": "2020-02-05", "priority": "低", "status": "解決", "link": "https://nadesi.com/cgi/bug/index.php?m=thread&threadid=825"}, {"id": "@925", "title": "実行ファイルの作成について (雪乃☆雫)", "date": "2019-12-02", "priority": "中", "status": "未処理", "link": "https://nadesi.com/cgi/bug/index.php?m=thread&threadid=925"}, {"id": "@919", "title": "HTTPゲットで一部の HTTPS サイトが取得できない (wt) --> 修正後（ver 1.578）の戻り値について(wt)", "date": "2019-10-28", "priority": "中", "status": "再修正依頼", "link": "https://nadesi.com/cgi/bug/index.php?m=thread&threadid=919"}, {"id": "@893", "title": "7z形式の圧縮解凍機能 (22世紀少年) --> 解決済み(クジラ飛行机)", "date": "2019-10-14", "priority": "中", "status": "解決", "link": "https://nadesi.com/cgi/bug/index.php?m=thread&threadid=893"}, {"id": "@910", "title": "exe化後に7zの解凍ができない (JT) --> 解決済みでした(クジラ飛行机)", "date": "2019-10-14", "priority": "緊急", "status": "解決", "link": "https://nadesi.com/cgi/bug/index.php?m=thread&threadid=910"}, {"id": "@922", "title": "ゲームをやろうとしたらなでしこエンジンのロード.. (PS) --> 詳細求む(クジラ飛行机)", "date": "2019-10-14", "priority": "低", "status": "詳細求む!", "link": "https://nadesi.com/cgi/bug/index.php?m=thread&threadid=922"}, {"id": "@915", "title": "梱包機能の廃止について (クジラ飛行机) --> 実装した(クジラ飛行机)", "date": "2019-09-19", "priority": "高", "status": "解決", "link": "https://nadesi.com/cgi/bug/index.php?m=thread&threadid=915"}, {"id": "@920", "title": "日時形式変換のフォーマットについて (SF)", "date": "2019-07-12", "priority": "低", "status": "未処理", "link": "https://nadesi.com/cgi/bug/index.php?m=thread&threadid=920"}, {"id": "@918", "title": "「区切る」後の要素数 (2989) --> 最後の要素が空だとトリムされる(kujira)", "date": "2019-06-08", "priority": "中", "status": "調査中", "link": "https://nadesi.com/cgi/bug/index.php?m=thread&threadid=918"}, {"id": "@916", "title": "エディタ/nakopadの要望 (猫んだ)", "date": "2019-04-28", "priority": "中", "status": "アイデア", "link": "https://nadesi.com/cgi/bug/index.php?m=thread&threadid=916"}, {"id": "@912", "title": "マイナビ第13回SNSで縦書きしたい - テキスト回転.. (mercury333) --> v3.0.60で修正(クジラ飛行机)", "date": "2019-04-18", "priority": "高", "status": "解決", "link": "https://nadesi.com/cgi/bug/index.php?m=thread&threadid=912"}, {"id": "@914", "title": "新元号に対応する (kujira) --> 2019/04/15 version 1.575で修正(クジラ飛行机)", "date": "2019-04-15", "priority": "高", "status": "解決", "link": "https://nadesi.com/cgi/bug/index.php?m=thread&threadid=914"}, {"id": "@913", "title": "なでしこ３がなでしこ１に干渉する（？） (雪乃☆雫) --> 2019/04/15 version 1.575で修正(クジラ飛行机)", "date": "2019-04-15", "priority": "高", "status": "解決", "link": "https://nadesi.com/cgi/bug/index.php?m=thread&threadid=913"}, {"id": "@889", "title": "パスワード入力にダイアログ詳細が使えない (莉奈) --> 2019/04/15 version 1.575で修正(クジラ飛行机)", "date": "2019-04-15", "priority": "緊急", "status": "解決", "link": "https://nadesi.com/cgi/bug/index.php?m=thread&threadid=889"}, {"id": "@911", "title": "複数の宛先に時間をずらして同じメールを送信 (ナデシコのファン)", "date": "2019-02-05", "priority": "緊急", "status": "詳細求む!", "link": "https://nadesi.com/cgi/bug/index.php?m=thread&threadid=911"}, {"id": "@867", "title": "InitiaShutdownAのエラーが出る (クジラ飛行机) --> XPをサポートから外しました(クジラ飛行机)", "date": "2018-12-31", "priority": "低", "status": "解決", "link": "https://nadesi.com/cgi/bug/index.php?m=thread&threadid=867"}, {"id": "@888", "title": "TCPで送信したデータがよく欠損する？ (とけい) --> 解決(クジラ飛行机)", "date": "2018-12-31", "priority": "低", "status": "解決", "link": "https://nadesi.com/cgi/bug/index.php?m=thread&threadid=888"}, {"id": "@890", "title": "nadesi.com/History.txtが更新されていない (クジラ飛行机) --> 更新済み(クジラ飛行机)", "date": "2018-12-31", "priority": "高", "status": "解決", "link": "https://nadesi.com/cgi/bug/index.php?m=thread&threadid=890"}, {"id": "@897", "title": "インストーラーの作成 [デラックス版]がメニュー.. (kaz) --> 修正(クジラ飛行机)", "date": "2018-12-31", "priority": "中", "status": "確認待ち", "link": "https://nadesi.com/cgi/bug/index.php?m=thread&threadid=897"}, {"id": "@901", "title": "なでしこのテストを実施 (あだぽん) --> 解決にさせていただきます(クジラ飛行机)", "date": "2018-12-31", "priority": "低", "status": "解決", "link": "https://nadesi.com/cgi/bug/index.php?m=thread&threadid=901"}, {"id": "@876", "title": "ProgramDataへのコピーが失敗する　　　　 (安藤雅文) --> 解決(クジラ飛行机)", "date": "2018-12-31", "priority": "緊急", "status": "解決", "link": "https://nadesi.com/cgi/bug/index.php?m=thread&threadid=876"}, {"id": "@909", "title": "SQLiteのセキュリティ問題への対応 (クジラ飛行机) --> 2018/12/31 version 1.574で対応(クジラ飛行机)", "date": "2018-12-31", "priority": "低", "status": "解決", "link": "https://nadesi.com/cgi/bug/index.php?m=thread&threadid=909"}, {"id": "@904", "title": "TCPでバイナリデータが送れない (クジラ飛行机) --> TCPプロトコルの問題でした(クジラ飛行机)", "date": "2018-12-31", "priority": "低", "status": "解決", "link": "https://nadesi.com/cgi/bug/index.php?m=thread&threadid=904"}, {"id": "@887", "title": "【エラー】アイコン設定が使えない！ (DeSk周り) --> 動きました(クジラ飛行机)", "date": "2018-12-31", "priority": "低", "status": "詳細求む!", "link": "https://nadesi.com/cgi/bug/index.php?m=thread&threadid=887"}, {"id": "@895", "title": "HTTP ERROR 500 (スバル) --> 解決(クジラ飛行机)", "date": "2018-12-19", "priority": "緊急", "status": "解決", "link": "https://nadesi.com/cgi/bug/index.php?m=thread&threadid=895"}, {"id": "@908", "title": "要望：反復・繰り返しの命令が繰り返される命令を.. (うぇいく)", "date": "2018-11-17", "priority": "低", "status": "未処理", "link": "https://nadesi.com/cgi/bug/index.php?m=thread&threadid=908"}, {"id": "@907", "title": "特定条件で「飛ぶ」とメモリを使い切って落ちる (TKI)", "date": "2018-11-15", "priority": "低", "status": "未処理", "link": "https://nadesi.com/cgi/bug/index.php?m=thread&threadid=907"}, {"id": "@906", "title": "全角中点「・」を指定するとコンパイルエラーになる (まるぼうず)", "date": "2018-10-03", "priority": "高", "status": "解決", "link": "https://nadesi.com/cgi/bug/index.php?m=thread&threadid=906"}, {"id": "@756", "title": "Access2013でAccess2007開くが動かない (ago) --> Win10+Access2007-2016形式(まるぼうず)", "date": "2018-09-26", "priority": "緊急", "status": "解決", "link": "https://nadesi.com/cgi/bug/index.php?m=thread&threadid=756"}, {"id": "@905", "title": "「母艦のマウスホイール回した時」のOS毎の挙動に.. (一般人)", "date": "2018-09-06", "priority": "低", "status": "未処理", "link": "https://nadesi.com/cgi/bug/index.php?m=thread&threadid=905"}, {"id": "@903", "title": "旧質問掲示板のリンク先 (ひろ)", "date": "2018-08-18", "priority": "低", "status": "未処理", "link": "https://nadesi.com/cgi/bug/index.php?m=thread&threadid=903"}, {"id": "@902", "title": "ネームスペース変更するとセッターゲッターがエラ.. (TKI)", "date": "2018-07-29", "priority": "低", "status": "未処理", "link": "https://nadesi.com/cgi/bug/index.php?m=thread&threadid=902"}, {"id": "@832", "title": "ＦｉｌｅMakerの動作停止 (あだぽん) --> 解決しました(あだぽん)", "date": "2018-07-08", "priority": "中", "status": "解決", "link": "https://nadesi.com/cgi/bug/index.php?m=thread&threadid=832"}, {"id": "@899", "title": "画像コピーをたくさん繰り返すとエラーが発生する (TKI)", "date": "2018-05-17", "priority": "低", "status": "未処理", "link": "https://nadesi.com/cgi/bug/index.php?m=thread&threadid=899"}, {"id": "@898", "title": "要望：音声ファイルの再生機能を充実させてほしい (ふたつあみ)", "date": "2018-03-19", "priority": "低", "status": "アイデア", "link": "https://nadesi.com/cgi/bug/index.php?m=thread&threadid=898"}, {"id": "@896", "title": "トップページの表示について (ひろ) --> 感謝(クジラ飛行机)", "date": "2018-02-27", "priority": "高", "status": "解決", "link": "https://nadesi.com/cgi/bug/index.php?m=thread&threadid=896"}, {"id": "@360", "title": "部品を壊しても、壊れない？ (hihiro) --> 宣言してみたら？(eL)", "date": "2018-02-05", "priority": "低", "status": "未処理", "link": "https://nadesi.com/cgi/bug/index.php?m=thread&threadid=360"}, {"id": "@894", "title": "フォームを再表示した際に、表示位置が起動時の位.. (ALFON)", "date": "2017-11-29", "priority": "高", "status": "未処理", "link": "https://nadesi.com/cgi/bug/index.php?m=thread&threadid=894"}, {"id": "@872", "title": "Nortonでnakofile.dllが遮断されてしまう v1.563 (ぬまん) --> 再び、問題報告あり(クジラ飛行机)", "date": "2017-11-20", "priority": "高", "status": "修正中", "link": "https://nadesi.com/cgi/bug/index.php?m=thread&threadid=872"}, {"id": "@892", "title": "デラックス版の実行ソフトのエラー (E.Y) --> デラックス版の実行ソフトのエラー は、解決しました。(E.Y)", "date": "2017-11-14", "priority": "緊急", "status": "解決", "link": "https://nadesi.com/cgi/bug/index.php?m=thread&threadid=892"}, {"id": "@891", "title": "GUIサンプルをなでしこエディタから実行できない。 (けい) --> う～ん。(けい)", "date": "2017-10-23", "priority": "中", "status": "未処理", "link": "https://nadesi.com/cgi/bug/index.php?m=thread&threadid=891"}, {"id": "@886", "title": "マウスイベント（マウス入った時、マウス出た時）.. (マロングラッセ) --> ＞タイマーではダメですか？(マロングラッセ)", "date": "2017-09-24", "priority": "高", "status": "未処理", "link": "https://nadesi.com/cgi/bug/index.php?m=thread&threadid=886"}, {"id": "@885", "title": "マウスイベント（マウス入った時、マウス出た時）.. (マロングラッセ)", "date": "2017-09-16", "priority": "高", "status": "未処理", "link": "https://nadesi.com/cgi/bug/index.php?m=thread&threadid=885"}, {"id": "@884", "title": "PDFタイトル設定、PDF作者設定命令　実行結果に .. (iq0) --> 了解いたしました(iq0)", "date": "2017-08-02", "priority": "低", "status": "未処理", "link": "https://nadesi.com/cgi/bug/index.php?m=thread&threadid=884"}, {"id": "@883", "title": "Windowsそのものが、なでしこで出力した実行ファ.. (yuki) --> 1トピックに内容を詰め込まないことをお勧め(うぇいく)", "date": "2017-07-26", "priority": "高", "status": "未処理", "link": "https://nadesi.com/cgi/bug/index.php?m=thread&threadid=883"}, {"id": "@881", "title": "なでしこのダウンロードがウィルスバスターにはね.. (クジラ飛行机)", "date": "2017-07-06", "priority": "中", "status": "調査中", "link": "https://nadesi.com/cgi/bug/index.php?m=thread&threadid=881"}, {"id": "@880", "title": "なでしこエディタに矩形選択がほしい (bellyoshi)", "date": "2017-07-04", "priority": "低", "status": "未処理", "link": "https://nadesi.com/cgi/bug/index.php?m=thread&threadid=880"}, {"id": "@879", "title": "書き込みできるようになりました (クジラ飛行机)", "date": "2017-07-01", "priority": "高", "status": "告知", "link": "https://nadesi.com/cgi/bug/index.php?m=thread&threadid=879"}, {"id": "@877", "title": "2017/06/03新サーバへの移転でリンク切れがあれば.. (クジラ飛行机) --> 修正(クジラ飛行机)", "date": "2017-06-14", "priority": "高", "status": "解決", "link": "https://nadesi.com/cgi/bug/index.php?m=thread&threadid=877"}, {"id": "@878", "title": "時間データのエクセルセル取得 (ひろ) --> できました(ひろ)", "date": "2017-06-05", "priority": "低", "status": "解決", "link": "https://nadesi.com/cgi/bug/index.php?m=thread&threadid=878"}, {"id": "@875", "title": "SQLITE3の動きがおかしい (tomato) --> ご指導ありがとうございました(tomato)", "date": "2017-06-03", "priority": "緊急", "status": "解決", "link": "https://nadesi.com/cgi/bug/index.php?m=thread&threadid=875"}, {"id": "@874", "title": "サーバー移転後、正しくバージョンが更新されてい.. (クジラ飛行机)", "date": "2017-05-17", "priority": "高", "status": "未処理", "link": "https://nadesi.com/cgi/bug/index.php?m=thread&threadid=874"}, {"id": "@873", "title": "特殊フォルダの展開がされない＠Win10 Pro (猫んだ) --> インストーラ版を入れたら解決しました(猫んだ)", "date": "2017-04-28", "priority": "高", "status": "解決", "link": "https://nadesi.com/cgi/bug/index.php?m=thread&threadid=873"}, {"id": "@660", "title": "FTPファイル列挙 (けい) --> 似たような現象(ちーくん)", "date": "2017-04-20", "priority": "中", "status": "議論中", "link": "https://nadesi.com/cgi/bug/index.php?m=thread&threadid=660"}, {"id": "@871", "title": "Tエディタの折り返し桁数の下限について (fuguzaemon)", "date": "2017-04-02", "priority": "低", "status": "未処理", "link": "https://nadesi.com/cgi/bug/index.php?m=thread&threadid=871"}, {"id": "@870", "title": "FileMakerプラグインがダウンロードできません (はじめ) --> 修正しました(クジラ飛行机)", "date": "2017-03-30", "priority": "緊急", "status": "解決", "link": "https://nadesi.com/cgi/bug/index.php?m=thread&threadid=870"}, {"id": "@869", "title": "test (クジラ飛行机) --> 無事書き込めました(クジラ飛行机)", "date": "2017-03-27", "priority": "低", "status": "解決", "link": "https://nadesi.com/cgi/bug/index.php?m=thread&threadid=869"}, {"id": "@847", "title": "(アイデア)検索系の命令結果を「発見」で簡単に分.. (とけい) --> 素晴らしいアイデアです(AI)", "date": "2017-03-25", "priority": "中", "status": "議論中", "link": "https://nadesi.com/cgi/bug/index.php?m=thread&threadid=847"}, {"id": "@868", "title": "ファイルストリームの機能追加案 (クジラ飛行机) --> 抽出行の範囲指定機能もあると助かります。(AI)", "date": "2017-03-25", "priority": "中", "status": "感想", "link": "https://nadesi.com/cgi/bug/index.php?m=thread&threadid=868"}, {"id": "@866", "title": "「かなか判定」で、ちっちゃい「ぁ」が、かなとし.. (雪乃☆雫)", "date": "2017-02-27", "priority": "低", "status": "未処理", "link": "https://nadesi.com/cgi/bug/index.php?m=thread&threadid=866"}, {"id": "@865", "title": "デラックス版がインストールされない (けい) --> 解決しました(けい)", "date": "2017-02-23", "priority": "緊急", "status": "解決", "link": "https://nadesi.com/cgi/bug/index.php?m=thread&threadid=865"}, {"id": "@845", "title": "スタイル指定のある母艦じゃないフォームの位置指.. (雪乃☆雫) --> 微妙な直りかた・・・＆モーダル表示の場合が直っていません(雪乃☆雫)", "date": "2017-02-15", "priority": "低", "status": "再修正依頼", "link": "https://nadesi.com/cgi/bug/index.php?m=thread&threadid=845"}, {"id": "@864", "title": "バグについて (TU)", "date": "2017-02-14", "priority": "高", "status": "未処理", "link": "https://nadesi.com/cgi/bug/index.php?m=thread&threadid=864"}, {"id": "@863", "title": "正規表現区切るで101個以上区切れない (こころ)", "date": "2017-02-11", "priority": "中", "status": "未処理", "link": "https://nadesi.com/cgi/bug/index.php?m=thread&threadid=863"}, {"id": "@862", "title": "EML全テキスト取得で半角カタカナが文字化けする (TOPOZO)", "date": "2017-02-10", "priority": "中", "status": "未処理", "link": "https://nadesi.com/cgi/bug/index.php?m=thread&threadid=862"}, {"id": "@861", "title": "EML全テキスト取得で半角カタカナが文字化けする (TOPOZO)", "date": "2017-02-10", "priority": "中", "status": "重複", "link": "https://nadesi.com/cgi/bug/index.php?m=thread&threadid=861"}, {"id": "@860", "title": "CSVの記述に誤りがあります。となるのはナゼでし.. (たいがあ)", "date": "2017-02-02", "priority": "低", "status": "未処理", "link": "https://nadesi.com/cgi/bug/index.php?m=thread&threadid=860"}, {"id": "@859", "title": "動画ファイルが再生できない (微炭酸コーラ) --> できました(微炭酸コーラ)", "date": "2017-01-31", "priority": "低", "status": "解決", "link": "https://nadesi.com/cgi/bug/index.php?m=thread&threadid=859"}, {"id": "@853", "title": "windows終了命令の細分化 (choco) --> 楽しみにしています。(choco)", "date": "2017-01-29", "priority": "低", "status": "解決", "link": "https://nadesi.com/cgi/bug/index.php?m=thread&threadid=853"}, {"id": "@850", "title": "なでしこプラグインのひな形がダウンロードできない (ユーマ) --> リンク直しました(クジラ飛行机)", "date": "2017-01-23", "priority": "低", "status": "解決", "link": "https://nadesi.com/cgi/bug/index.php?m=thread&threadid=850"}, {"id": "@858", "title": "メールのメッセージボックスが消えない (こんにちわ) --> Windows DefenderをOFF(こんにちわ)", "date": "2017-01-03", "priority": "中", "status": "解決", "link": "https://nadesi.com/cgi/bug/index.php?m=thread&threadid=858"}, {"id": "@856", "title": "「もし」がない「ならば」がエラーにならない (とけい) --> Re: 括弧なしが通常のはず(うぇいく)", "date": "2016-12-24", "priority": "低", "status": "未処理", "link": "https://nadesi.com/cgi/bug/index.php?m=thread&threadid=856"}, {"id": "@857", "title": "MCIが使えない (晴信) --> 再現不可(こころ)", "date": "2016-12-23", "priority": "低", "status": "詳細求む!", "link": "https://nadesi.com/cgi/bug/index.php?m=thread&threadid=857"}, {"id": "@854", "title": "リンク切れ (まお) --> とりあえずミラーアップロードしました(こころ)", "date": "2016-12-10", "priority": "低", "status": "重複", "link": "https://nadesi.com/cgi/bug/index.php?m=thread&threadid=854"}, {"id": "@855", "title": "実行ファイルのアイコンの変更の仕方 (^∨＾) --> ここは質問掲示板ではありません(こころ)", "date": "2016-12-10", "priority": "低", "status": "解決", "link": "https://nadesi.com/cgi/bug/index.php?m=thread&threadid=855"}, {"id": "@852", "title": "Windows⑩64ビットだと　メール送信エラーになります (こんにちわ) --> アドバイスからの試行錯誤の末　解決しました(こんにちわ)", "date": "2016-11-23", "priority": "低", "status": "解決", "link": "https://nadesi.com/cgi/bug/index.php?m=thread&threadid=852"}, {"id": "@848", "title": "なでしこ質問掲示板 (こんにちわ) --> 確認しました。(こんにちわ)", "date": "2016-11-17", "priority": "低", "status": "解決", "link": "https://nadesi.com/cgi/bug/index.php?m=thread&threadid=848"}, {"id": "@846", "title": "反復を使うとメモリの使用量が増えていく (とけい) --> 追記:何かが入っていれば大丈夫らしい(とけい)", "date": "2016-11-15", "priority": "中", "status": "未処理", "link": "https://nadesi.com/cgi/bug/index.php?m=thread&threadid=846"}, {"id": "@308", "title": "[緊急]部品を壊すとすべてのイベントが動作しなく.. (area) --> 直ってなくない？(雪乃☆雫)", "date": "2016-11-10", "priority": "低", "status": "再修正依頼", "link": "https://nadesi.com/cgi/bug/index.php?m=thread&threadid=308"}, {"id": "@836", "title": "イメージ部品について (めだか) --> バージョンアップ後に解決？(めだか)", "date": "2016-11-09", "priority": "低", "status": "解決", "link": "https://nadesi.com/cgi/bug/index.php?m=thread&threadid=836"}, {"id": "@851", "title": "メモの右端折り返し (ロートルタートル)", "date": "2016-11-09", "priority": "低", "status": "未処理", "link": "https://nadesi.com/cgi/bug/index.php?m=thread&threadid=851"}, {"id": "@849", "title": "『もし～～→メンバならば、A=B 』が文法エラーに.. (とけい)", "date": "2016-11-05", "priority": "低", "status": "未処理", "link": "https://nadesi.com/cgi/bug/index.php?m=thread&threadid=849"}, {"id": "@844", "title": "特定のpngファイルが正しく透過できない (こころ) --> 特定のpngファイルが正しく透過できない(こころ)", "date": "2016-10-07", "priority": "中", "status": "未処理", "link": "https://nadesi.com/cgi/bug/index.php?m=thread&threadid=844"}, {"id": "@334", "title": "[FileMaker]なでしこからFileMakerの命令を実行す.. (クジラ飛行机) --> 修正確認(クジラ)", "date": "2016-10-07", "priority": "高", "status": "解決", "link": "https://nadesi.com/cgi/bug/index.php?m=thread&threadid=334"}, {"id": "@332", "title": "バーコード128の機能を追加する (クジラ飛行机) --> 修正確認(クジラ)", "date": "2016-10-07", "priority": "高", "status": "解決", "link": "https://nadesi.com/cgi/bug/index.php?m=thread&threadid=332"}, {"id": "@287", "title": "なでしこエディタ、終了時の保存ダイアログの挙動.. (canot) --> 修正確認(クジラ)", "date": "2016-10-07", "priority": "高", "status": "解決", "link": "https://nadesi.com/cgi/bug/index.php?m=thread&threadid=287"}, {"id": "@206", "title": "母艦のイベント（表示命令）がうまく動かない？ (99yen) --> 修正確認(クジラ)", "date": "2016-10-07", "priority": "高", "status": "解決", "link": "https://nadesi.com/cgi/bug/index.php?m=thread&threadid=206"}, {"id": "@250", "title": "ブラウザ（レイアウト全体）で表示されない場合が.. (なでしこファン) --> 修正確認(クジラ)", "date": "2016-10-07", "priority": "高", "status": "解決", "link": "https://nadesi.com/cgi/bug/index.php?m=thread&threadid=250"}, {"id": "@222", "title": "Tエディタを小さくすると、「範囲チェックエラー.. ( U D ) --> 修正確認(クジラ)", "date": "2016-10-07", "priority": "高", "status": "解決", "link": "https://nadesi.com/cgi/bug/index.php?m=thread&threadid=222"}, {"id": "@172", "title": "画面加工命令、画面更新 (ゆちボン) --> 修正確認(クジラ)", "date": "2016-10-07", "priority": "高", "status": "解決", "link": "https://nadesi.com/cgi/bug/index.php?m=thread&threadid=172"}, {"id": "@137", "title": "Delphi 2009でコンパイルできるように (クジラ飛行机) --> 修正確認(クジラ)", "date": "2016-10-07", "priority": "高", "status": "解決", "link": "https://nadesi.com/cgi/bug/index.php?m=thread&threadid=137"}, {"id": "@134", "title": "文字表示 (くろ) --> 修正確認(クジラ)", "date": "2016-10-07", "priority": "高", "status": "解決", "link": "https://nadesi.com/cgi/bug/index.php?m=thread&threadid=134"}, {"id": "@442", "title": "メール受信エラー (クジラ飛行机) --> 修正確認(クジラ)", "date": "2016-10-07", "priority": "高", "status": "解決", "link": "https://nadesi.com/cgi/bug/index.php?m=thread&threadid=442"}, {"id": "@405", "title": "ブラウザ支援コマンドでmixiにログインできない問.. (クジラ飛行机) --> 修正確認(クジラ)", "date": "2016-10-07", "priority": "高", "status": "解決", "link": "https://nadesi.com/cgi/bug/index.php?m=thread&threadid=405"}, {"id": "@767", "title": "Nortonでnakofile.dllが削除されてしまう (LoopLine201) --> 修正確認(クジラ)", "date": "2016-10-07", "priority": "高", "status": "解決", "link": "https://nadesi.com/cgi/bug/index.php?m=thread&threadid=767"}, {"id": "@720", "title": "母艦の表示が正しくおこなわれない (匿名希望) --> 修正確認(クジラ)", "date": "2016-10-07", "priority": "高", "status": "解決", "link": "https://nadesi.com/cgi/bug/index.php?m=thread&threadid=720"}, {"id": "@662", "title": "白いウインドウが... (yosi) --> 修正確認(クジラ)", "date": "2016-10-07", "priority": "高", "status": "解決", "link": "https://nadesi.com/cgi/bug/index.php?m=thread&threadid=662"}, {"id": "@655", "title": "マニュアル探査艦 (マニュアル) --> 修正確認(クジラ)", "date": "2016-10-07", "priority": "高", "status": "解決", "link": "https://nadesi.com/cgi/bug/index.php?m=thread&threadid=655"}, {"id": "@637", "title": "Ver1.5335 のバグ？ (fukui) --> 修正確認(クジラ)", "date": "2016-10-07", "priority": "高", "status": "解決", "link": "https://nadesi.com/cgi/bug/index.php?m=thread&threadid=637"}, {"id": "@532", "title": "「JSONデコード」命令で、null があると失敗する ( U D ) --> 修正確認(クジラ)", "date": "2016-10-07", "priority": "高", "status": "解決", "link": "https://nadesi.com/cgi/bug/index.php?m=thread&threadid=532"}, {"id": "@577", "title": "作成したフォームを親部品にするリストをクリック.. (ＦＡＭ) --> 修正確認(クジラ)", "date": "2016-10-07", "priority": "高", "status": "解決", "link": "https://nadesi.com/cgi/bug/index.php?m=thread&threadid=577"}, {"id": "@343", "title": "毎行読むの動作改善 (クジラ飛行机) --> 修正確認(クジラ)", "date": "2016-10-07", "priority": "緊急", "status": "解決", "link": "https://nadesi.com/cgi/bug/index.php?m=thread&threadid=343"}, {"id": "@398", "title": "[バグ]TCP_COMMANDを利用する実行ファイルが終了.. (area) --> 修正確認(クジラ)", "date": "2016-10-07", "priority": "緊急", "status": "解決", "link": "https://nadesi.com/cgi/bug/index.php?m=thread&threadid=398"}, {"id": "@623", "title": "梱包したファイルが読めない (SAT) --> 修正確認(クジラ)", "date": "2016-10-07", "priority": "緊急", "status": "解決", "link": "https://nadesi.com/cgi/bug/index.php?m=thread&threadid=623"}, {"id": "@842", "title": "「HTTPポスト」のタイムアウト時間が短すぎる (こころ) --> Re: 「HTTPポスト」のタイムアウト時間が短すぎる(こころ)", "date": "2016-09-28", "priority": "中", "status": "修正中", "link": "https://nadesi.com/cgi/bug/index.php?m=thread&threadid=842"}, {"id": "@840", "title": "[数列か判定]が１２桁以上で正確な判定をしません (torasan) --> 修正(クジラ)", "date": "2016-09-26", "priority": "中", "status": "解決", "link": "https://nadesi.com/cgi/bug/index.php?m=thread&threadid=840"}, {"id": "@803", "title": "No FTP list parsers have been registered. (たいがあ) --> 重複(クジラ)", "date": "2016-09-26", "priority": "高", "status": "重複", "link": "https://nadesi.com/cgi/bug/index.php?m=thread&threadid=803"}, {"id": "@797", "title": "エクセル可視オフで、エクセルブック注目が動かな.. (お爺) --> クジラ(修正)", "date": "2016-09-26", "priority": "高", "status": "解決", "link": "https://nadesi.com/cgi/bug/index.php?m=thread&threadid=797"}, {"id": "@796", "title": "エラー (エラー) --> 再インストールしてみてください(クジラ)", "date": "2016-09-26", "priority": "低", "status": "確認待ち", "link": "https://nadesi.com/cgi/bug/index.php?m=thread&threadid=796"}, {"id": "@843", "title": "「なでしこについて」の最新版を確認リンクがリン.. (こころ)", "date": "2016-09-26", "priority": "低", "status": "未処理", "link": "https://nadesi.com/cgi/bug/index.php?m=thread&threadid=843"}, {"id": "@841", "title": "エラーメッセージの指摘箇所がちがう (とけい) --> Re: エラーメッセージの指摘箇所がちがう(うぇいく)", "date": "2016-09-12", "priority": "低", "status": "未処理", "link": "https://nadesi.com/cgi/bug/index.php?m=thread&threadid=841"}, {"id": "@823", "title": "本掲示板がノートンのセーフウエブにブロックされる (うぇいく) --> 修正(クジラ)", "date": "2016-09-10", "priority": "中", "status": "解決", "link": "https://nadesi.com/cgi/bug/index.php?m=thread&threadid=823"}, {"id": "@813", "title": "何かが違う。 (城嶺霊夢) --> 修正(クジラ)", "date": "2016-09-10", "priority": "中", "status": "解決", "link": "https://nadesi.com/cgi/bug/index.php?m=thread&threadid=813"}, {"id": "@833", "title": "なでしこデラックス版がダウンロードできません (Tobari) --> 修正(クジラ)", "date": "2016-09-10", "priority": "中", "status": "解決", "link": "https://nadesi.com/cgi/bug/index.php?m=thread&threadid=833"}, {"id": "@808", "title": "マニュアル探査艦が表示されないバグ (バルス) --> 修正(クジラ)", "date": "2016-09-10", "priority": "低", "status": "解決", "link": "https://nadesi.com/cgi/bug/index.php?m=thread&threadid=808"}, {"id": "@838", "title": "「なでしこ実行方式」が複数選択できてしまう (小衣) --> ありがとうございました(こころ)", "date": "2016-09-10", "priority": "低", "status": "解決", "link": "https://nadesi.com/cgi/bug/index.php?m=thread&threadid=838"}, {"id": "@839", "title": "Ver1.561でメール送信ができない。 (ＧＵＮ) --> 最新版　Ver1.562で動作できることを確認しました。(ＧＵＮ)", "date": "2016-09-09", "priority": "低", "status": "解決", "link": "https://nadesi.com/cgi/bug/index.php?m=thread&threadid=839"}, {"id": "@837", "title": "デラックス版で強力に難読化して梱包すると問題が.. (ふぐ) --> 修正確認いたしました。(ふぐ)", "date": "2016-08-22", "priority": "高", "status": "解決", "link": "https://nadesi.com/cgi/bug/index.php?m=thread&threadid=837"}, {"id": "@834", "title": "マニュアル探索艦でエラー (tomato) --> 修正確認いたしました。(tomato)", "date": "2016-08-21", "priority": "低", "status": "解決", "link": "https://nadesi.com/cgi/bug/index.php?m=thread&threadid=834"}, {"id": "@835", "title": "MD5の説明が古いー自動ダウンロードのプログラム.. (クジラ飛行机)", "date": "2016-08-01", "priority": "中", "status": "未処理", "link": "https://nadesi.com/cgi/bug/index.php?m=thread&threadid=835"}, {"id": "@777", "title": "スタイルあり母艦を「中央移動」命令で移動できない (wt) --> 修正確認しました(wt)", "date": "2016-07-15", "priority": "低", "status": "解決", "link": "https://nadesi.com/cgi/bug/index.php?m=thread&threadid=777"}, {"id": "@827", "title": "zip圧縮で、下層フォルダーまで圧縮される (たなか) --> 具体例をお願いします(クジラ飛行机)", "date": "2016-07-13", "priority": "中", "status": "詳細求む!", "link": "https://nadesi.com/cgi/bug/index.php?m=thread&threadid=827"}, {"id": "@830", "title": "フォルダ列挙のバグ (じん) --> 全角128文字は、半角にすると256文字となります(クジラ飛行机)", "date": "2016-07-13", "priority": "中", "status": "議論中", "link": "https://nadesi.com/cgi/bug/index.php?m=thread&threadid=830"}, {"id": "@831", "title": "Ｗｉｎ7　ＦＭ　Ｐｒｏ11　に対応したプラグイン.. (あだぽん) --> お騒がせしました(あだぽん)", "date": "2016-06-30", "priority": "低", "status": "解決", "link": "https://nadesi.com/cgi/bug/index.php?m=thread&threadid=831"}, {"id": "@829", "title": "エクセルPDF保存でのＯＬＥエラー (tomato)", "date": "2016-05-21", "priority": "中", "status": "未処理", "link": "https://nadesi.com/cgi/bug/index.php?m=thread&threadid=829"}, {"id": "@828", "title": "実行ソフトの上書きができない (E.Y) --> こちらのミスでした(E.Y)", "date": "2016-05-14", "priority": "高", "status": "解決", "link": "https://nadesi.com/cgi/bug/index.php?m=thread&threadid=828"}, {"id": "@824", "title": "なでしこエディタの置換バグについて (一般人) --> 確認いたしました(一般人)", "date": "2016-05-13", "priority": "高", "status": "解決", "link": "https://nadesi.com/cgi/bug/index.php?m=thread&threadid=824"}, {"id": "@788", "title": "!変数宣言が必要が動作しない場合がある (TOPOZO) --> Re:　!変数宣言が必要が動作しない場合がある(うぇいく)", "date": "2016-05-07", "priority": "低", "status": "未処理", "link": "https://nadesi.com/cgi/bug/index.php?m=thread&threadid=788"}, {"id": "@811", "title": "MD5/SHA1ファイル取得で正しくないハッシュ値が返る (wt) --> 修正確認しました(wt)", "date": "2016-05-03", "priority": "中", "status": "解決", "link": "https://nadesi.com/cgi/bug/index.php?m=thread&threadid=811"}, {"id": "@826", "title": "  ( )", "date": "2016-04-24", "priority": "低", "status": "解決", "link": "https://nadesi.com/cgi/bug/index.php?m=thread&threadid=826"}, {"id": "@818", "title": "Ras Pi2に関して (narao) --> raspi コマンドの件(narao)", "date": "2016-04-24", "priority": "低", "status": "解決", "link": "https://nadesi.com/cgi/bug/index.php?m=thread&threadid=818"}, {"id": "@820", "title": "「ローカルで詳しく見る」がエラーに (猫んだ) --> 修正確認しました。(猫んだ)", "date": "2016-04-22", "priority": "低", "status": "解決", "link": "https://nadesi.com/cgi/bug/index.php?m=thread&threadid=820"}, {"id": "@822", "title": "比較演算子の挙動がおかしい (たいがあ) --> Re:Re: 比較演算子の挙動がおかしい(たいがあ)", "date": "2016-04-15", "priority": "緊急", "status": "解決", "link": "https://nadesi.com/cgi/bug/index.php?m=thread&threadid=822"}, {"id": "@821", "title": "GUI部品の幅・高さが初期状態のままで変更されな.. (城嶺霊夢) --> Re:  GUI部品の幅・高さが初期状態のままで変更されない。(うぇいく)", "date": "2016-04-09", "priority": "高", "status": "未処理", "link": "https://nadesi.com/cgi/bug/index.php?m=thread&threadid=821"}, {"id": "@819", "title": "ソースコードが消滅する。など (城嶺霊夢) --> ソースコードが消滅する。(うぇいく)", "date": "2016-04-05", "priority": "高", "status": "未処理", "link": "https://nadesi.com/cgi/bug/index.php?m=thread&threadid=819"}, {"id": "@817", "title": "グループの要素で「名前」 (UNOパパ) --> 書いてありました(UNOパパ)", "date": "2016-03-25", "priority": "中", "status": "解決", "link": "https://nadesi.com/cgi/bug/index.php?m=thread&threadid=817"}, {"id": "@816", "title": "実行ファイルにした際のブラウザ (けい)", "date": "2016-03-10", "priority": "中", "status": "未処理", "link": "https://nadesi.com/cgi/bug/index.php?m=thread&threadid=816"}, {"id": "@809", "title": "簡易GUIでの表示エラー（エラー報告はなし (バルス) --> 参照のサンプルは正しく動くようです(クジラ飛行机)", "date": "2016-03-07", "priority": "中", "status": "詳細求む!", "link": "https://nadesi.com/cgi/bug/index.php?m=thread&threadid=809"}, {"id": "@815", "title": "オフライン版なでしこウィキが使えません (こおりとり) --> 重複 @808(小衣)", "date": "2016-03-06", "priority": "低", "status": "重複", "link": "https://nadesi.com/cgi/bug/index.php?m=thread&threadid=815"}, {"id": "@814", "title": "ブラウザ部品の幅・高さが変更されない。 (ま～)", "date": "2016-03-03", "priority": "低", "status": "未処理", "link": "https://nadesi.com/cgi/bug/index.php?m=thread&threadid=814"}, {"id": "@812", "title": "イベント部品でエラー (使ってます)", "date": "2016-02-28", "priority": "低", "status": "未処理", "link": "https://nadesi.com/cgi/bug/index.php?m=thread&threadid=812"}, {"id": "@810", "title": "デラックス版でJPGなどの画像が梱包されない (E.Y) --> 解決しました。(E.Y)", "date": "2016-02-19", "priority": "中", "status": "解決", "link": "https://nadesi.com/cgi/bug/index.php?m=thread&threadid=810"}, {"id": "@807", "title": "関数の引数にグループを指定した場合 (UNOパパ) --> Re: デフォルト指定があるときだけ(UNOパパ)", "date": "2016-02-05", "priority": "高", "status": "調査中", "link": "https://nadesi.com/cgi/bug/index.php?m=thread&threadid=807"}, {"id": "@806", "title": "RS232Cの数値送信について (一般人) --> 解決しました(一般人)", "date": "2016-01-21", "priority": "中", "status": "解決", "link": "https://nadesi.com/cgi/bug/index.php?m=thread&threadid=806"}, {"id": "@805", "title": "未登録keyのハッシュ値を比較演算のオペランドに.. (謎のX)", "date": "2016-01-10", "priority": "中", "status": "未処理", "link": "https://nadesi.com/cgi/bug/index.php?m=thread&threadid=805"}, {"id": "@761", "title": "なでしこのバージョンアップ後、スタイルありのフ.. (がんきょう)", "date": "2015-12-25", "priority": "低", "status": "解決", "link": "https://nadesi.com/cgi/bug/index.php?m=thread&threadid=761"}, {"id": "@802", "title": "バーコードのチェックデジット値が違うみたいです (ちょいとおじさん) --> その通りですよね(ちょいとおじさん)", "date": "2015-12-24", "priority": "高", "status": "解決", "link": "https://nadesi.com/cgi/bug/index.php?m=thread&threadid=802"}, {"id": "@801", "title": "ver1.555でもフォームの表示で位置がずれる (とけい)", "date": "2015-12-23", "priority": "低", "status": "未処理", "link": "https://nadesi.com/cgi/bug/index.php?m=thread&threadid=801"}, {"id": "@794", "title": "バージョン 1.554 のファイル名が 1.553 のままに.. (wt) --> 確認しました(wt)", "date": "2015-12-20", "priority": "低", "status": "解決", "link": "https://nadesi.com/cgi/bug/index.php?m=thread&threadid=794"}, {"id": "@775", "title": "Ver1.553でフォームが表示されないと思ったら・・.. (かず) --> 1.554で修正(クジラ飛行机)", "date": "2015-12-19", "priority": "低", "status": "未処理", "link": "https://nadesi.com/cgi/bug/index.php?m=thread&threadid=775"}, {"id": "@795", "title": "表ワイルドカードピックアップの挙動 (はなき) --> 説明を修正しておきます(クジラ飛行机)", "date": "2015-12-19", "priority": "低", "status": "未処理", "link": "https://nadesi.com/cgi/bug/index.php?m=thread&threadid=795"}, {"id": "@800", "title": "「母艦を中央移動」が利かなくなってる (クジラ飛行机) --> バージョン1.554で問題なし(クジラ飛行机)", "date": "2015-12-19", "priority": "低", "status": "解決", "link": "https://nadesi.com/cgi/bug/index.php?m=thread&threadid=800"}, {"id": "@799", "title": "WIndows7以上の標準の付箋紙・キャプチャー機能・.. (E.Y) --> 調べてみました(E.Y)", "date": "2015-12-18", "priority": "低", "status": "未処理", "link": "https://nadesi.com/cgi/bug/index.php?m=thread&threadid=799"}, {"id": "@798", "title": "「グループ判定」が誤った挙動をする場合がある (謎のX)", "date": "2015-12-12", "priority": "中", "status": "未処理", "link": "https://nadesi.com/cgi/bug/index.php?m=thread&threadid=798"}, {"id": "@786", "title": "もしの条件文のカッコを閉じ忘れたら応答なしに (はなき) --> ありがとうございます！(はなき)", "date": "2015-12-09", "priority": "中", "status": "解決", "link": "https://nadesi.com/cgi/bug/index.php?m=thread&threadid=786"}, {"id": "@793", "title": "プログラム中に未定義の文字『\u001c』があります。(文.. (クロザード) --> Re: プログラム中に未定義の文字『\u001c』があります。(文字コード=228)(小衣)", "date": "2015-12-04", "priority": "低", "status": "議論中", "link": "https://nadesi.com/cgi/bug/index.php?m=thread&threadid=793"}, {"id": "@779", "title": "最新版での不具合 (T.T) --> 修正(クジラ飛行机)", "date": "2015-12-02", "priority": "低", "status": "確認待ち", "link": "https://nadesi.com/cgi/bug/index.php?m=thread&threadid=779"}, {"id": "@790", "title": "変数の型が正しく表示されない (かんたろう) --> 修正(クジラ飛行机)", "date": "2015-12-02", "priority": "中", "status": "確認待ち", "link": "https://nadesi.com/cgi/bug/index.php?m=thread&threadid=790"}, {"id": "@791", "title": "表示バグ (???) --> ありがとうございます(???)", "date": "2015-11-28", "priority": "低", "status": "感謝", "link": "https://nadesi.com/cgi/bug/index.php?m=thread&threadid=791"}, {"id": "@792", "title": "動的生成したイメージに画像を設定できない場合が.. (謎のX)", "date": "2015-11-28", "priority": "中", "status": "未処理", "link": "https://nadesi.com/cgi/bug/index.php?m=thread&threadid=792"}, {"id": "@783", "title": "[EOF]が (???) --> [EOF]が(小衣)", "date": "2015-11-28", "priority": "低", "status": "確認待ち", "link": "https://nadesi.com/cgi/bug/index.php?m=thread&threadid=783"}, {"id": "@789", "title": "UDPでブロードキャストできるように。 (TOPOZO)", "date": "2015-11-21", "priority": "低", "status": "アイデア", "link": "https://nadesi.com/cgi/bug/index.php?m=thread&threadid=789"}, {"id": "@787", "title": "TCPクライアントに送信完了イベントを (TOPOZO)", "date": "2015-11-21", "priority": "低", "status": "アイデア", "link": "https://nadesi.com/cgi/bug/index.php?m=thread&threadid=787"}, {"id": "@724", "title": "「!変数値設定は必要」のような機能がほしい (TOPOZO)", "date": "2015-11-20", "priority": "低", "status": "未処理", "link": "https://nadesi.com/cgi/bug/index.php?m=thread&threadid=724"}, {"id": "@784", "title": "なでしこ実行ライブラリの64bit版配布について (谷川貴洋)", "date": "2015-11-08", "priority": "中", "status": "アイデア", "link": "https://nadesi.com/cgi/bug/index.php?m=thread&threadid=784"}, {"id": "@782", "title": "JSONデコードにおいて「～」が文字化け (小衣) --> 文字コードを正しく指定したら正常でした(小衣)", "date": "2015-11-02", "priority": "中", "status": "解決", "link": "https://nadesi.com/cgi/bug/index.php?m=thread&threadid=782"}, {"id": "@778", "title": "「画像部分コピー」について (永世ヘボ) --> Re:描画処理反映？(永世ヘボ)", "date": "2015-10-27", "priority": "低", "status": "解決", "link": "https://nadesi.com/cgi/bug/index.php?m=thread&threadid=778"}, {"id": "@781", "title": "繰り返し処理の途中でのラベル設定 (永世ヘボ) --> Re: 繰り返し処理の途中でのラベル設定(うぇいく)", "date": "2015-10-21", "priority": "低", "status": "未処理", "link": "https://nadesi.com/cgi/bug/index.php?m=thread&threadid=781"}, {"id": "@780", "title": "最新版のデラックス版でプラグインの梱包が不可 (kfukui) --> ご指摘の通りでした。(kfukui)", "date": "2015-10-13", "priority": "低", "status": "解決", "link": "https://nadesi.com/cgi/bug/index.php?m=thread&threadid=780"}, {"id": "@774", "title": "エディタ機能 (にゃあ) --> Re: エディタ機能(うぇいく)", "date": "2015-10-03", "priority": "低", "status": "未処理", "link": "https://nadesi.com/cgi/bug/index.php?m=thread&threadid=774"}, {"id": "@776", "title": "FILEMAKERスクリプト実行でバグとおぼしき動作 (猫んだ)", "date": "2015-09-09", "priority": "高", "status": "未処理", "link": "https://nadesi.com/cgi/bug/index.php?m=thread&threadid=776"}, {"id": "@773", "title": "gmailの送信について (初投稿) --> Re: gmailの送信について(うぇいく)", "date": "2015-09-04", "priority": "低", "status": "未処理", "link": "https://nadesi.com/cgi/bug/index.php?m=thread&threadid=773"}, {"id": "@710", "title": "メール件名、メール添付ファイルの文字化け (carom120) --> 確認できました。(carom120)", "date": "2015-09-01", "priority": "高", "status": "解決", "link": "https://nadesi.com/cgi/bug/index.php?m=thread&threadid=710"}, {"id": "@770", "title": "デラックス版で実行ソフトが作れない (E.Y) --> デラックス版で実行ソフトが作れない解決しました。(E.Y)", "date": "2015-08-30", "priority": "高", "status": "解決", "link": "https://nadesi.com/cgi/bug/index.php?m=thread&threadid=770"}]