[{"title": "\u88cf\u5074 - Top-Do \u4f5c", "url": "https://uta.pw/shodou/img/5/5027-min.png", "file": "images/img_5_5027-min.png"}, {"title": "\uc874\uadc0 \uc740.. - \ub028\ub028 \u4f5c", "url": "https://uta.pw/shodou/img/10/1126-min.png", "file": "images/img_10_1126-min.png"}, {"title": "\u307f\u3069\u308a\u3080\u3057 - \u306f\u3058\u3081 \u4f5c", "url": "https://uta.pw/shodou/img/18/235-min.png", "file": "images/img_18_235-min.png"}, {"title": "\u7fa9 - \u771f\u53f8 \u4f5c", "url": "https://uta.pw/shodou/img/12/973-min.png", "file": "images/img_12_973-min.png"}, {"title": "\u624b\u8853 - kazu \u4f5c", "url": "https://uta.pw/shodou/img/8/101-min.png", "file": "images/img_8_101-min.png"}, {"title": "\u5922\u270c - \u3053\u3063\u3061.. \u4f5c", "url": "https://uta.pw/shodou/img/1/1551-min.png", "file": "images/img_1_1551-min.png"}, {"title": "\u83ef - \u306f\u3058\u3081 \u4f5c", "url": "https://uta.pw/shodou/img/9/164-min.png", "file": "images/img_9_164-min.png"}, {"title": "\u9b54 - D \u4f5c", "url": "https://uta.pw/shodou/img/5/1307-min.png", "file": "images/img_5_1307-min.png"}, {"title": "\u5b50 - \u30d5\u30a1 \u4f5c", "url": "https://uta.pw/shodou/img/24/892-min.png", "file": "images/img_24_892-min.png"}, {"title": "\u5922 - \u5922 \u4f5c", "url": "https://uta.pw/shodou/img/13/1501-min.png", "file": "images/img_13_1501-min.png"}, {"title": "\u5922 - \u308f\u3044\u308f\u3044 \u4f5c", "url": "https://uta.pw/shodou/img/4/4158-min.png", "file": "images/img_4_4158-min.png"}, {"title": "\u66f8\u9053\u30eb - \ud83d\udc95\ud83c\udfb5 \u4f5c", "url": "https://uta.pw/shodou/img/13/1532-min.png", "file": "images/img_13_1532-min.png"}, {"title": "\u7121 - \u30ed\u30c3\u30c6.. \u4f5c", "url": "https://uta.pw/shodou/img/30/1115-min.png", "file": "images/img_30_1115-min.png"}, {"title": "\u8846\u8b70\u9662 - \u306a\u3093\u3060.. \u4f5c", "url": "https://uta.pw/shodou/img/11/1096-min.png", "file": "images/img_11_1096-min.png"}, {"title": "\u66f8\u9053 - \u30af\u30b8\u30e9.. \u4f5c", "url": "https://uta.pw/shodou/img/13/13-min.png", "file": "images/img_13_13-min.png"}, {"title": "\u3086\u3081 - \u305b\u3044\u307b.. \u4f5c", "url": "https://uta.pw/shodou/img/11/1716-min.png", "file": "images/img_11_1716-min.png"}, {"title": "\u5922 - \u305b\u3044\u307b.. \u4f5c", "url": "https://uta.pw/shodou/img/0/1643-min.png", "file": "images/img_0_1643-min.png"}, {"title": "\u7fa9 - \u305b\u3044\u307b.. \u4f5c", "url": "https://uta.pw/shodou/img/1/1644-min.png", "file": "images/img_1_1644-min.png"}, {"title": "\u4f5c\u8a5e - \u30af\u30b8\u30e9.. \u4f5c", "url": "https://uta.pw/shodou/img/5/67-min.png", "file": "images/img_5_67-min.png"}, {"title": "\u3046\u305f\u3092\u3046.. - \u56db\u6708\u96a0\u8005 \u4f5c", "url": "https://uta.pw/shodou/img/18/18-min.png", "file": "images/img_18_18-min.png"}, {"title": "wabi sabi - J. P. .. \u4f5c", "url": "https://uta.pw/shodou/img/7/1526-min.png", "file": "images/img_7_1526-min.png"}]