[
  {
    "year": 1950,
    "total": 83200,
    "man": 40812,
    "woman": 42388
  },
  {
    "year": 1951,
    "total": 84541,
    "man": 41489,
    "woman": 43052
  },
  {
    "year": 1952,
    "total": 85808,
    "man": 42128,
    "woman": 43680
  },
  {
    "year": 1953,
    "total": 86981,
    "man": 42721,
    "woman": 44260
  },
  {
    "year": 1954,
    "total": 88239,
    "man": 43344,
    "woman": 44895
  },
  {
    "year": 1955,
    "total": 89276,
    "man": 43861,
    "woman": 45415
  },
  {
    "year": 1956,
    "total": 90172,
    "man": 44301,
    "woman": 45871
  },
  {
    "year": 1957,
    "total": 90928,
    "man": 44671,
    "woman": 46258
  },
  {
    "year": 1958,
    "total": 91767,
    "man": 45078,
    "woman": 46689
  },
  {
    "year": 1959,
    "total": 92641,
    "man": 45504,
    "woman": 47137
  },
  {
    "year": 1960,
    "total": 93419,
    "man": 45878,
    "woman": 47541
  },
  {
    "year": 1961,
    "total": 94287,
    "man": 46300,
    "woman": 47987
  },
  {
    "year": 1962,
    "total": 95181,
    "man": 46733,
    "woman": 48447
  },
  {
    "year": 1963,
    "total": 96156,
    "man": 47208,
    "woman": 48947
  },
  {
    "year": 1964,
    "total": 97182,
    "man": 47710,
    "woman": 49471
  },
  {
    "year": 1965,
    "total": 98275,
    "man": 48244,
    "woman": 50031
  },
  {
    "year": 1966,
    "total": 99036,
    "man": 48611,
    "woman": 50425
  },
  {
    "year": 1967,
    "total": 100196,
    "man": 49180,
    "woman": 51016
  },
  {
    "year": 1968,
    "total": 101331,
    "man": 49739,
    "woman": 51592
  },
  {
    "year": 1969,
    "total": 102536,
    "man": 50334,
    "woman": 52202
  },
  {
    "year": 1970,
    "total": 103720,
    "man": 50918,
    "woman": 52802
  },
  {
    "year": 1971,
    "total": 105145,
    "man": 51607,
    "woman": 53538
  },
  {
    "year": 1972,
    "total": 107595,
    "man": 52822,
    "woman": 54773
  },
  {
    "year": 1973,
    "total": 109104,
    "man": 53606,
    "woman": 55498
  },
  {
    "year": 1974,
    "total": 110573,
    "man": 54376,
    "woman": 56197
  },
  {
    "year": 1975,
    "total": 111940,
    "man": 55091,
    "woman": 56849
  },
  {
    "year": 1976,
    "total": 113094,
    "man": 55658,
    "woman": 57436
  },
  {
    "year": 1977,
    "total": 114165,
    "man": 56184,
    "woman": 57981
  },
  {
    "year": 1978,
    "total": 115190,
    "man": 56682,
    "woman": 58508
  },
  {
    "year": 1979,
    "total": 116155,
    "man": 57151,
    "woman": 59004
  },
  {
    "year": 1980,
    "total": 117060,
    "man": 57594,
    "woman": 59467
  },
  {
    "year": 1981,
    "total": 117902,
    "man": 58001,
    "woman": 59901
  },
  {
    "year": 1982,
    "total": 118728,
    "man": 58400,
    "woman": 60329
  },
  {
    "year": 1983,
    "total": 119536,
    "man": 58786,
    "woman": 60750
  },
  {
    "year": 1984,
    "total": 120305,
    "man": 59150,
    "woman": 61155
  },
  {
    "year": 1985,
    "total": 121049,
    "man": 59497,
    "woman": 61552
  },
  {
    "year": 1986,
    "total": 121660,
    "man": 59788,
    "woman": 61871
  },
  {
    "year": 1987,
    "total": 122239,
    "man": 60058,
    "woman": 62181
  },
  {
    "year": 1988,
    "total": 122745,
    "man": 60302,
    "woman": 62443
  },
  {
    "year": 1989,
    "total": 123205,
    "man": 60515,
    "woman": 62690
  },
  {
    "year": 1990,
    "total": 123611,
    "man": 60697,
    "woman": 62914
  },
  {
    "year": 1991,
    "total": 124101,
    "man": 60934,
    "woman": 63167
  },
  {
    "year": 1992,
    "total": 124567,
    "man": 61155,
    "woman": 63413
  },
  {
    "year": 1993,
    "total": 124938,
    "man": 61317,
    "woman": 63621
  },
  {
    "year": 1994,
    "total": 125265,
    "man": 61446,
    "woman": 63819
  },
  {
    "year": 1995,
    "total": 125570,
    "man": 61574,
    "woman": 63996
  },
  {
    "year": 1996,
    "total": 125859,
    "man": 61698,
    "woman": 64161
  },
  {
    "year": 1997,
    "total": 126157,
    "man": 61827,
    "woman": 64329
  },
  {
    "year": 1998,
    "total": 126472,
    "man": 61952,
    "woman": 64520
  },
  {
    "year": 1999,
    "total": 126667,
    "man": 62017,
    "woman": 64650
  },
  {
    "year": 2000,
    "total": 126926,
    "man": 62111,
    "woman": 64815
  },
  {
    "year": 2001,
    "total": 127316,
    "man": 62265,
    "woman": 65051
  },
  {
    "year": 2002,
    "total": 127486,
    "man": 62295,
    "woman": 65190
  },
  {
    "year": 2003,
    "total": 127694,
    "man": 62368,
    "woman": 65326
  },
  {
    "year": 2004,
    "total": 127787,
    "man": 62380,
    "woman": 65407
  },
  {
    "year": 2005,
    "total": 127768,
    "man": 62349,
    "woman": 65419
  },
  {
    "year": 2006,
    "total": 127901,
    "man": 62387,
    "woman": 65514
  },
  {
    "year": 2007,
    "total": 128033,
    "man": 62424,
    "woman": 65608
  },
  {
    "year": 2008,
    "total": 128084,
    "man": 62422,
    "woman": 65662
  },
  {
    "year": 2009,
    "total": 128032,
    "man": 62358,
    "woman": 65674
  },
  {
    "year": 2010,
    "total": 128057,
    "man": 62328,
    "woman": 65730
  },
  {
    "year": 2011,
    "total": 127834,
    "man": 62207,
    "woman": 65627
  },
  {
    "year": 2012,
    "total": 127593,
    "man": 62080,
    "woman": 65513
  },
  {
    "year": 2013,
    "total": 127414,
    "man": 61985,
    "woman": 65429
  },
  {
    "year": 2014,
    "total": 127237,
    "man": 61901,
    "woman": 65336
  },
  {
    "year": 2015,
    "total": 127095,
    "man": 61842,
    "woman": 65253
  },
  {
    "year": 2016,
    "total": 127042,
    "man": 61816,
    "woman": 65226
  },
  {
    "year": 2017,
    "total": 126919,
    "man": 61753,
    "woman": 65165
  },
  {
    "year": 2018,
    "total": 126749,
    "man": 61673,
    "woman": 65076
  },
  {
    "year": 2019,
    "total": 126555,
    "man": 61588,
    "woman": 64967
  },
  {
    "year": 2020,
    "total": 126146,
    "man": 61350,
    "woman": 64797
  },
  {
    "year": 2021,
    "total": 125502,
    "man": 61019,
    "woman": 64483
  }
]