[{"time": "2022-07-31 00:00:02", "temp": 46.7, "volt": 0.86}, {"time": "2022-07-31 00:01:01", "temp": 45.7, "volt": 0.86}, {"time": "2022-07-31 00:02:01", "temp": 47.2, "volt": 0.86}, {"time": "2022-07-31 00:03:01", "temp": 46.2, "volt": 0.86}, {"time": "2022-07-31 00:04:01", "temp": 46.7, "volt": 0.86}, {"time": "2022-07-31 00:05:02", "temp": 45.7, "volt": 0.86}, {"time": "2022-07-31 00:06:01", "temp": 46.2, "volt": 0.86}, {"time": "2022-07-31 00:07:01", "temp": 46.2, "volt": 0.86}, {"time": "2022-07-31 00:08:01", "temp": 45.7, "volt": 0.86}, {"time": "2022-07-31 00:09:01", "temp": 45.7, "volt": 0.86}, {"time": "2022-07-31 00:10:02", "temp": 46.7, "volt": 0.86}, {"time": "2022-07-31 00:11:01", "temp": 46.2, "volt": 0.86}, {"time": "2022-07-31 00:12:01", "temp": 46.7, "volt": 0.86}, {"time": "2022-07-31 00:13:01", "temp": 46.2, "volt": 0.86}, {"time": "2022-07-31 00:14:01", "temp": 46.2, "volt": 0.86}, {"time": "2022-07-31 00:15:02", "temp": 46.2, "volt": 0.86}, {"time": "2022-07-31 00:16:01", "temp": 47.2, "volt": 0.86}, {"time": "2022-07-31 00:17:01", "temp": 46.7, "volt": 0.86}, {"time": "2022-07-31 00:18:01", "temp": 46.2, "volt": 0.86}, {"time": "2022-07-31 00:19:01", "temp": 46.2, "volt": 0.86}, {"time": "2022-07-31 00:20:01", "temp": 46.2, "volt": 0.86}, {"time": "2022-07-31 00:21:02", "temp": 46.2, "volt": 0.86}, {"time": "2022-07-31 00:22:01", "temp": 46.2, "volt": 0.86}, {"time": "2022-07-31 00:23:01", "temp": 46.2, "volt": 0.86}, {"time": "2022-07-31 00:24:01", "temp": 45.2, "volt": 0.86}, {"time": "2022-07-31 00:25:01", "temp": 46.7, "volt": 0.86}, {"time": "2022-07-31 00:26:02", "temp": 45.7, "volt": 0.86}, {"time": "2022-07-31 00:27:01", "temp": 45.7, "volt": 0.86}, {"time": "2022-07-31 00:28:01", "temp": 45.7, "volt": 0.86}, {"time": "2022-07-31 00:29:01", "temp": 45.7, "volt": 0.86}, {"time": "2022-07-31 00:30:01", "temp": 46.7, "volt": 0.86}, {"time": "2022-07-31 00:31:02", "temp": 47.2, "volt": 0.86}, {"time": "2022-07-31 00:32:01", "temp": 46.7, "volt": 0.86}, {"time": "2022-07-31 00:33:01", "temp": 46.2, "volt": 0.86}, {"time": "2022-07-31 00:34:01", "temp": 45.7, "volt": 0.86}, {"time": "2022-07-31 00:35:01", "temp": 45.7, "volt": 0.86}, {"time": "2022-07-31 00:36:02", "temp": 46.2, "volt": 0.86}, {"time": "2022-07-31 00:37:01", "temp": 45.7, "volt": 0.86}, {"time": "2022-07-31 00:38:01", "temp": 46.2, "volt": 0.86}, {"time": "2022-07-31 00:39:01", "temp": 47.2, "volt": 0.86}, {"time": "2022-07-31 00:40:01", "temp": 46.2, "volt": 0.86}, {"time": "2022-07-31 00:41:01", "temp": 46.7, "volt": 0.86}, {"time": "2022-07-31 00:42:02", "temp": 46.7, "volt": 0.86}, {"time": "2022-07-31 00:43:01", "temp": 46.2, "volt": 0.86}, {"time": "2022-07-31 00:44:01", "temp": 46.2, "volt": 0.86}, {"time": "2022-07-31 00:45:01", "temp": 45.7, "volt": 0.86}, {"time": "2022-07-31 00:46:01", "temp": 46.7, "volt": 0.86}, {"time": "2022-07-31 00:47:02", "temp": 46.7, "volt": 0.86}, {"time": "2022-07-31 00:48:01", "temp": 46.2, "volt": 0.86}, {"time": "2022-07-31 00:49:01", "temp": 45.7, "volt": 0.86}, {"time": "2022-07-31 00:50:01", "temp": 47.2, "volt": 0.86}, {"time": "2022-07-31 00:51:01", "temp": 45.7, "volt": 0.86}, {"time": "2022-07-31 00:52:02", "temp": 45.7, "volt": 0.86}, {"time": "2022-07-31 00:53:01", "temp": 46.2, "volt": 0.86}, {"time": "2022-07-31 00:54:01", "temp": 46.2, "volt": 0.86}, {"time": "2022-07-31 00:55:01", "temp": 45.7, "volt": 0.86}, {"time": "2022-07-31 00:56:01", "temp": 46.2, "volt": 0.86}, {"time": "2022-07-31 00:57:02", "temp": 46.2, "volt": 0.86}, {"time": "2022-07-31 00:58:01", "temp": 46.7, "volt": 0.86}, {"time": "2022-07-31 00:59:01", "temp": 46.7, "volt": 0.86}, {"time": "2022-07-31 01:00:01", "temp": 45.7, "volt": 0.86}, {"time": "2022-07-31 01:01:01", "temp": 46.7, "volt": 0.86}, {"time": "2022-07-31 01:02:01", "temp": 46.7, "volt": 0.86}, {"time": "2022-07-31 01:03:01", "temp": 45.7, "volt": 0.86}, {"time": "2022-07-31 01:04:01", "temp": 45.7, "volt": 0.86}, {"time": "2022-07-31 01:05:01", "temp": 46.2, "volt": 0.86}, {"time": "2022-07-31 01:06:01", "temp": 45.7, "volt": 0.86}, {"time": "2022-07-31 01:07:01", "temp": 46.2, "volt": 0.86}, {"time": "2022-07-31 01:08:02", "temp": 45.7, "volt": 0.86}, {"time": "2022-07-31 01:09:01", "temp": 47.2, "volt": 0.86}, {"time": "2022-07-31 01:10:01", "temp": 46.7, "volt": 0.86}, {"time": "2022-07-31 01:11:01", "temp": 45.7, "volt": 0.86}, {"time": "2022-07-31 01:12:01", "temp": 46.7, "volt": 0.86}, {"time": "2022-07-31 01:13:02", "temp": 47.7, "volt": 0.86}, {"time": "2022-07-31 01:14:01", "temp": 46.2, "volt": 0.86}, {"time": "2022-07-31 01:15:01", "temp": 45.7, "volt": 0.86}, {"time": "2022-07-31 01:16:01", "temp": 45.7, "volt": 0.86}, {"time": "2022-07-31 01:17:01", "temp": 46.2, "volt": 0.86}, {"time": "2022-07-31 01:18:01", "temp": 45.2, "volt": 0.86}, {"time": "2022-07-31 01:19:01", "temp": 46.7, "volt": 0.86}, {"time": "2022-07-31 01:20:01", "temp": 45.7, "volt": 0.86}, {"time": "2022-07-31 01:21:01", "temp": 46.7, "volt": 0.86}, {"time": "2022-07-31 01:22:01", "temp": 46.7, "volt": 0.86}, {"time": "2022-07-31 01:23:01", "temp": 47.2, "volt": 0.86}, {"time": "2022-07-31 01:24:02", "temp": 46.7, "volt": 0.86}, {"time": "2022-07-31 01:25:01", "temp": 45.7, "volt": 0.86}, {"time": "2022-07-31 01:26:01", "temp": 46.2, "volt": 0.86}, {"time": "2022-07-31 01:27:01", "temp": 46.2, "volt": 0.86}, {"time": "2022-07-31 01:28:01", "temp": 45.7, "volt": 0.86}, {"time": "2022-07-31 01:29:02", "temp": 45.7, "volt": 0.86}, {"time": "2022-07-31 01:30:01", "temp": 46.7, "volt": 0.86}, {"time": "2022-07-31 01:31:01", "temp": 46.7, "volt": 0.86}, {"time": "2022-07-31 01:32:01", "temp": 45.7, "volt": 0.86}, {"time": "2022-07-31 01:33:01", "temp": 46.2, "volt": 0.86}, {"time": "2022-07-31 01:34:02", "temp": 46.2, "volt": 0.86}, {"time": "2022-07-31 01:35:01", "temp": 47.2, "volt": 0.86}, {"time": "2022-07-31 01:36:01", "temp": 46.7, "volt": 0.86}, {"time": "2022-07-31 01:37:01", "temp": 46.7, "volt": 0.86}, {"time": "2022-07-31 01:38:01", "temp": 46.2, "volt": 0.86}, {"time": "2022-07-31 01:39:02", "temp": 46.2, "volt": 0.86}, {"time": "2022-07-31 01:40:01", "temp": 46.2, "volt": 0.86}, {"time": "2022-07-31 01:41:01", "temp": 46.7, "volt": 0.86}, {"time": "2022-07-31 01:42:01", "temp": 46.7, "volt": 0.86}, {"time": "2022-07-31 01:43:01", "temp": 46.2, "volt": 0.86}, {"time": "2022-07-31 01:44:02", "temp": 46.2, "volt": 0.86}, {"time": "2022-07-31 01:45:01", "temp": 46.7, "volt": 0.86}, {"time": "2022-07-31 01:46:01", "temp": 45.7, "volt": 0.86}, {"time": "2022-07-31 01:47:01", "temp": 46.7, "volt": 0.86}, {"time": "2022-07-31 01:48:01", "temp": 46.2, "volt": 0.86}, {"time": "2022-07-31 01:49:01", "temp": 45.7, "volt": 0.86}, {"time": "2022-07-31 01:50:01", "temp": 46.2, "volt": 0.86}, {"time": "2022-07-31 01:51:01", "temp": 46.7, "volt": 0.86}, {"time": "2022-07-31 01:52:01", "temp": 46.2, "volt": 0.86}, {"time": "2022-07-31 01:53:01", "temp": 45.2, "volt": 0.86}, {"time": "2022-07-31 01:54:01", "temp": 46.2, "volt": 0.86}, {"time": "2022-07-31 01:55:02", "temp": 45.7, "volt": 0.86}, {"time": "2022-07-31 01:56:01", "temp": 46.2, "volt": 0.86}, {"time": "2022-07-31 01:57:01", "temp": 47.2, "volt": 0.86}, {"time": "2022-07-31 01:58:01", "temp": 46.7, "volt": 0.86}, {"time": "2022-07-31 01:59:01", "temp": 45.7, "volt": 0.86}, {"time": "2022-07-31 02:00:02", "temp": 46.7, "volt": 0.86}, {"time": "2022-07-31 02:01:01", "temp": 46.7, "volt": 0.86}, {"time": "2022-07-31 02:02:01", "temp": 45.7, "volt": 0.86}, {"time": "2022-07-31 02:03:01", "temp": 46.7, "volt": 0.86}, {"time": "2022-07-31 02:04:01", "temp": 47.2, "volt": 0.86}, {"time": "2022-07-31 02:05:02", "temp": 46.2, "volt": 0.86}, {"time": "2022-07-31 02:06:01", "temp": 46.2, "volt": 0.86}, {"time": "2022-07-31 02:07:01", "temp": 45.7, "volt": 0.86}, {"time": "2022-07-31 02:08:01", "temp": 46.7, "volt": 0.86}, {"time": "2022-07-31 02:09:01", "temp": 44.8, "volt": 0.86}, {"time": "2022-07-31 02:10:02", "temp": 46.2, "volt": 0.86}, {"time": "2022-07-31 02:11:01", "temp": 45.7, "volt": 0.86}, {"time": "2022-07-31 02:12:01", "temp": 46.7, "volt": 0.86}, {"time": "2022-07-31 02:13:01", "temp": 47.2, "volt": 0.86}, {"time": "2022-07-31 02:14:01", "temp": 46.2, "volt": 0.86}, {"time": "2022-07-31 02:15:02", "temp": 46.2, "volt": 0.86}, {"time": "2022-07-31 02:16:01", "temp": 45.7, "volt": 0.86}, {"time": "2022-07-31 02:17:01", "temp": 46.7, "volt": 0.86}, {"time": "2022-07-31 02:18:01", "temp": 46.7, "volt": 0.86}, {"time": "2022-07-31 02:19:01", "temp": 46.2, "volt": 0.86}, {"time": "2022-07-31 02:20:01", "temp": 46.7, "volt": 0.86}, {"time": "2022-07-31 02:21:01", "temp": 45.7, "volt": 0.86}, {"time": "2022-07-31 02:22:01", "temp": 46.2, "volt": 0.86}, {"time": "2022-07-31 02:23:01", "temp": 46.2, "volt": 0.86}, {"time": "2022-07-31 02:24:01", "temp": 46.2, "volt": 0.86}, {"time": "2022-07-31 02:25:01", "temp": 47.2, "volt": 0.86}, {"time": "2022-07-31 02:26:02", "temp": 45.7, "volt": 0.86}, {"time": "2022-07-31 02:27:01", "temp": 45.7, "volt": 0.86}, {"time": "2022-07-31 02:28:01", "temp": 45.7, "volt": 0.86}, {"time": "2022-07-31 02:29:01", "temp": 46.7, "volt": 0.86}, {"time": "2022-07-31 02:30:01", "temp": 46.7, "volt": 0.86}, {"time": "2022-07-31 02:31:02", "temp": 46.7, "volt": 0.86}, {"time": "2022-07-31 02:32:01", "temp": 46.7, "volt": 0.86}, {"time": "2022-07-31 02:33:01", "temp": 46.2, "volt": 0.86}, {"time": "2022-07-31 02:34:01", "temp": 45.7, "volt": 0.86}, {"time": "2022-07-31 02:35:01", "temp": 46.7, "volt": 0.86}, {"time": "2022-07-31 02:36:02", "temp": 45.7, "volt": 0.86}, {"time": "2022-07-31 02:37:01", "temp": 45.7, "volt": 0.86}, {"time": "2022-07-31 02:38:01", "temp": 46.7, "volt": 0.86}, {"time": "2022-07-31 02:39:01", "temp": 47.2, "volt": 0.86}, {"time": "2022-07-31 02:40:01", "temp": 45.7, "volt": 0.86}, {"time": "2022-07-31 02:41:02", "temp": 45.7, "volt": 0.86}, {"time": "2022-07-31 02:42:01", "temp": 46.2, "volt": 0.86}, {"time": "2022-07-31 02:43:01", "temp": 46.2, "volt": 0.86}, {"time": "2022-07-31 02:44:01", "temp": 46.7, "volt": 0.86}, {"time": "2022-07-31 02:45:01", "temp": 46.2, "volt": 0.86}, {"time": "2022-07-31 02:46:02", "temp": 45.7, "volt": 0.86}, {"time": "2022-07-31 02:47:01", "temp": 46.7, "volt": 0.86}, {"time": "2022-07-31 02:48:01", "temp": 47.2, "volt": 0.86}, {"time": "2022-07-31 02:49:01", "temp": 46.7, "volt": 0.86}, {"time": "2022-07-31 02:50:01", "temp": 45.7, "volt": 0.86}, {"time": "2022-07-31 02:51:02", "temp": 46.2, "volt": 0.86}, {"time": "2022-07-31 02:52:01", "temp": 46.2, "volt": 0.86}, {"time": "2022-07-31 02:53:01", "temp": 46.7, "volt": 0.86}, {"time": "2022-07-31 02:54:01", "temp": 46.7, "volt": 0.86}, {"time": "2022-07-31 02:55:01", "temp": 44.8, "volt": 0.86}, {"time": "2022-07-31 02:56:02", "temp": 46.7, "volt": 0.86}, {"time": "2022-07-31 02:57:01", "temp": 45.7, "volt": 0.86}, {"time": "2022-07-31 02:58:01", "temp": 46.2, "volt": 0.86}, {"time": "2022-07-31 02:59:01", "temp": 47.2, "volt": 0.86}, {"time": "2022-07-31 03:00:01", "temp": 46.2, "volt": 0.86}, {"time": "2022-07-31 03:01:02", "temp": 45.7, "volt": 0.86}, {"time": "2022-07-31 03:02:01", "temp": 46.2, "volt": 0.86}, {"time": "2022-07-31 03:03:01", "temp": 47.2, "volt": 0.86}, {"time": "2022-07-31 03:04:01", "temp": 46.2, "volt": 0.86}, {"time": "2022-07-31 03:05:01", "temp": 46.2, "volt": 0.86}, {"time": "2022-07-31 03:06:02", "temp": 45.7, "volt": 0.86}, {"time": "2022-07-31 03:07:01", "temp": 47.2, "volt": 0.86}, {"time": "2022-07-31 03:08:01", "temp": 46.2, "volt": 0.86}, {"time": "2022-07-31 03:09:01", "temp": 47.2, "volt": 0.86}, {"time": "2022-07-31 03:10:01", "temp": 45.7, "volt": 0.86}, {"time": "2022-07-31 03:11:01", "temp": 46.2, "volt": 0.86}, {"time": "2022-07-31 03:12:01", "temp": 45.7, "volt": 0.86}, {"time": "2022-07-31 03:13:01", "temp": 45.2, "volt": 0.86}, {"time": "2022-07-31 03:14:01", "temp": 45.7, "volt": 0.86}, {"time": "2022-07-31 03:15:01", "temp": 46.2, "volt": 0.86}, {"time": "2022-07-31 03:16:01", "temp": 46.2, "volt": 0.86}, {"time": "2022-07-31 03:17:02", "temp": 46.2, "volt": 0.86}, {"time": "2022-07-31 03:18:01", "temp": 46.7, "volt": 0.86}, {"time": "2022-07-31 03:19:01", "temp": 46.2, "volt": 0.86}, {"time": "2022-07-31 03:20:01", "temp": 46.2, "volt": 0.86}, {"time": "2022-07-31 03:21:01", "temp": 46.2, "volt": 0.86}, {"time": "2022-07-31 03:22:02", "temp": 46.7, "volt": 0.86}, {"time": "2022-07-31 03:23:01", "temp": 46.2, "volt": 0.86}, {"time": "2022-07-31 03:24:01", "temp": 46.7, "volt": 0.86}, {"time": "2022-07-31 03:25:01", "temp": 45.7, "volt": 0.86}, {"time": "2022-07-31 03:26:01", "temp": 46.2, "volt": 0.86}, {"time": "2022-07-31 03:27:02", "temp": 45.7, "volt": 0.86}, {"time": "2022-07-31 03:28:01", "temp": 46.7, "volt": 0.86}, {"time": "2022-07-31 03:29:01", "temp": 46.7, "volt": 0.86}, {"time": "2022-07-31 03:30:01", "temp": 46.2, "volt": 0.86}, {"time": "2022-07-31 03:31:17", "temp": 46.7, "volt": 0.87}, {"time": "2022-07-31 03:32:02", "temp": 47.7, "volt": 0.87}, {"time": "2022-07-31 03:33:01", "temp": 48.2, "volt": 0.87}, {"time": "2022-07-31 03:34:01", "temp": 46.2, "volt": 0.87}, {"time": "2022-07-31 03:35:01", "temp": 48.2, "volt": 0.87}, {"time": "2022-07-31 03:36:01", "temp": 47.7, "volt": 0.87}, {"time": "2022-07-31 03:37:02", "temp": 46.7, "volt": 0.87}, {"time": "2022-07-31 03:38:01", "temp": 47.2, "volt": 0.87}, {"time": "2022-07-31 03:39:01", "temp": 46.7, "volt": 0.87}, {"time": "2022-07-31 03:40:01", "temp": 47.2, "volt": 0.87}, {"time": "2022-07-31 03:41:01", "temp": 47.2, "volt": 0.87}, {"time": "2022-07-31 03:42:02", "temp": 45.7, "volt": 0.87}, {"time": "2022-07-31 03:43:01", "temp": 45.7, "volt": 0.87}, {"time": "2022-07-31 03:44:01", "temp": 46.2, "volt": 0.87}, {"time": "2022-07-31 03:45:01", "temp": 46.7, "volt": 0.87}, {"time": "2022-07-31 03:46:01", "temp": 46.2, "volt": 0.87}, {"time": "2022-07-31 03:47:02", "temp": 47.2, "volt": 0.87}, {"time": "2022-07-31 03:48:01", "temp": 46.2, "volt": 0.87}, {"time": "2022-07-31 03:49:01", "temp": 46.2, "volt": 0.87}, {"time": "2022-07-31 03:50:01", "temp": 47.7, "volt": 0.87}, {"time": "2022-07-31 03:51:01", "temp": 47.2, "volt": 0.87}, {"time": "2022-07-31 03:52:02", "temp": 46.2, "volt": 0.87}, {"time": "2022-07-31 03:53:01", "temp": 47.2, "volt": 0.87}, {"time": "2022-07-31 03:54:01", "temp": 46.7, "volt": 0.87}, {"time": "2022-07-31 03:55:01", "temp": 46.7, "volt": 0.87}, {"time": "2022-07-31 03:56:01", "temp": 46.7, "volt": 0.87}, {"time": "2022-07-31 03:57:02", "temp": 46.7, "volt": 0.87}, {"time": "2022-07-31 03:58:01", "temp": 45.7, "volt": 0.87}, {"time": "2022-07-31 03:59:01", "temp": 46.7, "volt": 0.87}, {"time": "2022-07-31 04:00:01", "temp": 46.2, "volt": 0.87}, {"time": "2022-07-31 04:01:01", "temp": 47.7, "volt": 0.87}, {"time": "2022-07-31 04:02:02", "temp": 47.2, "volt": 0.87}, {"time": "2022-07-31 04:03:01", "temp": 45.7, "volt": 0.87}, {"time": "2022-07-31 04:04:01", "temp": 46.2, "volt": 0.87}, {"time": "2022-07-31 04:05:01", "temp": 45.7, "volt": 0.87}, {"time": "2022-07-31 04:06:01", "temp": 46.7, "volt": 0.87}, {"time": "2022-07-31 04:07:02", "temp": 46.7, "volt": 0.87}, {"time": "2022-07-31 04:08:01", "temp": 46.2, "volt": 0.87}, {"time": "2022-07-31 04:09:01", "temp": 46.7, "volt": 0.87}, {"time": "2022-07-31 04:10:01", "temp": 46.7, "volt": 0.87}, {"time": "2022-07-31 04:11:01", "temp": 46.2, "volt": 0.87}, {"time": "2022-07-31 04:12:02", "temp": 47.2, "volt": 0.87}, {"time": "2022-07-31 04:13:01", "temp": 46.7, "volt": 0.87}, {"time": "2022-07-31 04:14:01", "temp": 46.2, "volt": 0.87}, {"time": "2022-07-31 04:15:01", "temp": 45.7, "volt": 0.87}, {"time": "2022-07-31 04:16:01", "temp": 45.7, "volt": 0.87}, {"time": "2022-07-31 04:17:02", "temp": 46.2, "volt": 0.87}, {"time": "2022-07-31 04:18:01", "temp": 46.7, "volt": 0.87}, {"time": "2022-07-31 04:19:01", "temp": 46.2, "volt": 0.87}, {"time": "2022-07-31 04:20:01", "temp": 46.7, "volt": 0.87}, {"time": "2022-07-31 04:21:01", "temp": 46.7, "volt": 0.87}, {"time": "2022-07-31 04:22:02", "temp": 46.7, "volt": 0.87}, {"time": "2022-07-31 04:23:01", "temp": 47.2, "volt": 0.87}, {"time": "2022-07-31 04:24:01", "temp": 46.7, "volt": 0.87}, {"time": "2022-07-31 04:25:01", "temp": 47.2, "volt": 0.87}, {"time": "2022-07-31 04:26:01", "temp": 46.7, "volt": 0.87}, {"time": "2022-07-31 04:27:02", "temp": 46.2, "volt": 0.87}, {"time": "2022-07-31 04:28:01", "temp": 46.2, "volt": 0.87}, {"time": "2022-07-31 04:29:01", "temp": 47.2, "volt": 0.87}, {"time": "2022-07-31 04:30:01", "temp": 47.2, "volt": 0.87}, {"time": "2022-07-31 04:31:01", "temp": 46.2, "volt": 0.87}, {"time": "2022-07-31 04:32:02", "temp": 46.7, "volt": 0.87}, {"time": "2022-07-31 04:33:01", "temp": 46.7, "volt": 0.87}, {"time": "2022-07-31 04:34:01", "temp": 46.2, "volt": 0.87}, {"time": "2022-07-31 04:35:01", "temp": 46.2, "volt": 0.87}, {"time": "2022-07-31 04:36:01", "temp": 46.2, "volt": 0.87}, {"time": "2022-07-31 04:37:01", "temp": 46.2, "volt": 0.87}, {"time": "2022-07-31 04:38:01", "temp": 45.7, "volt": 0.87}, {"time": "2022-07-31 04:39:01", "temp": 45.7, "volt": 0.87}, {"time": "2022-07-31 04:40:01", "temp": 46.2, "volt": 0.87}, {"time": "2022-07-31 04:41:01", "temp": 46.7, "volt": 0.87}, {"time": "2022-07-31 04:42:01", "temp": 46.2, "volt": 0.87}, {"time": "2022-07-31 04:43:01", "temp": 46.7, "volt": 0.87}, {"time": "2022-07-31 04:44:01", "temp": 46.7, "volt": 0.87}, {"time": "2022-07-31 04:45:01", "temp": 45.7, "volt": 0.87}, {"time": "2022-07-31 04:46:01", "temp": 46.7, "volt": 0.87}, {"time": "2022-07-31 04:47:01", "temp": 45.7, "volt": 0.87}, {"time": "2022-07-31 04:48:01", "temp": 47.2, "volt": 0.87}, {"time": "2022-07-31 04:49:01", "temp": 46.7, "volt": 0.87}, {"time": "2022-07-31 04:50:01", "temp": 46.2, "volt": 0.87}, {"time": "2022-07-31 04:51:01", "temp": 46.2, "volt": 0.87}, {"time": "2022-07-31 04:52:01", "temp": 46.2, "volt": 0.87}, {"time": "2022-07-31 04:53:01", "temp": 45.7, "volt": 0.87}, {"time": "2022-07-31 04:54:01", "temp": 46.7, "volt": 0.87}, {"time": "2022-07-31 04:55:01", "temp": 46.7, "volt": 0.87}, {"time": "2022-07-31 04:56:01", "temp": 46.2, "volt": 0.87}, {"time": "2022-07-31 04:57:01", "temp": 46.7, "volt": 0.87}, {"time": "2022-07-31 04:58:01", "temp": 46.7, "volt": 0.87}, {"time": "2022-07-31 04:59:01", "temp": 46.2, "volt": 0.87}, {"time": "2022-07-31 05:00:01", "temp": 47.2, "volt": 0.87}, {"time": "2022-07-31 05:01:01", "temp": 45.7, "volt": 0.87}, {"time": "2022-07-31 05:02:01", "temp": 46.7, "volt": 0.87}, {"time": "2022-07-31 05:03:01", "temp": 47.7, "volt": 0.87}, {"time": "2022-07-31 05:04:01", "temp": 47.7, "volt": 0.87}, {"time": "2022-07-31 05:05:01", "temp": 46.7, "volt": 0.87}, {"time": "2022-07-31 05:06:01", "temp": 45.7, "volt": 0.87}, {"time": "2022-07-31 05:07:01", "temp": 46.7, "volt": 0.87}, {"time": "2022-07-31 05:08:01", "temp": 47.2, "volt": 0.87}, {"time": "2022-07-31 05:09:01", "temp": 46.2, "volt": 0.87}, {"time": "2022-07-31 05:10:01", "temp": 45.2, "volt": 0.87}, {"time": "2022-07-31 05:11:01", "temp": 46.2, "volt": 0.87}, {"time": "2022-07-31 05:12:01", "temp": 47.2, "volt": 0.87}, {"time": "2022-07-31 05:13:01", "temp": 46.7, "volt": 0.87}, {"time": "2022-07-31 05:14:01", "temp": 46.2, "volt": 0.87}, {"time": "2022-07-31 05:15:01", "temp": 46.2, "volt": 0.87}, {"time": "2022-07-31 05:16:01", "temp": 46.7, "volt": 0.87}, {"time": "2022-07-31 05:17:01", "temp": 47.2, "volt": 0.87}, {"time": "2022-07-31 05:18:01", "temp": 46.7, "volt": 0.87}, {"time": "2022-07-31 05:19:01", "temp": 46.2, "volt": 0.87}, {"time": "2022-07-31 05:20:01", "temp": 46.2, "volt": 0.87}, {"time": "2022-07-31 05:21:01", "temp": 46.2, "volt": 0.87}, {"time": "2022-07-31 05:22:01", "temp": 46.7, "volt": 0.87}, {"time": "2022-07-31 05:23:01", "temp": 47.2, "volt": 0.87}, {"time": "2022-07-31 05:24:01", "temp": 45.7, "volt": 0.87}, {"time": "2022-07-31 05:25:01", "temp": 47.2, "volt": 0.87}, {"time": "2022-07-31 05:26:01", "temp": 46.7, "volt": 0.87}, {"time": "2022-07-31 05:27:01", "temp": 46.7, "volt": 0.87}, {"time": "2022-07-31 05:28:01", "temp": 46.7, "volt": 0.87}, {"time": "2022-07-31 05:29:01", "temp": 46.2, "volt": 0.87}, {"time": "2022-07-31 05:30:01", "temp": 47.2, "volt": 0.87}, {"time": "2022-07-31 05:31:01", "temp": 46.7, "volt": 0.87}, {"time": "2022-07-31 05:32:02", "temp": 46.7, "volt": 0.87}, {"time": "2022-07-31 05:33:01", "temp": 46.7, "volt": 0.87}, {"time": "2022-07-31 05:34:01", "temp": 46.2, "volt": 0.87}, {"time": "2022-07-31 05:35:01", "temp": 45.7, "volt": 0.87}, {"time": "2022-07-31 05:36:01", "temp": 46.7, "volt": 0.87}, {"time": "2022-07-31 05:37:02", "temp": 45.7, "volt": 0.87}, {"time": "2022-07-31 05:38:01", "temp": 45.7, "volt": 0.87}, {"time": "2022-07-31 05:39:01", "temp": 46.7, "volt": 0.87}, {"time": "2022-07-31 05:40:01", "temp": 46.2, "volt": 0.87}, {"time": "2022-07-31 05:41:01", "temp": 46.2, "volt": 0.87}, {"time": "2022-07-31 05:42:02", "temp": 46.2, "volt": 0.87}, {"time": "2022-07-31 05:43:01", "temp": 46.2, "volt": 0.87}, {"time": "2022-07-31 05:44:01", "temp": 46.7, "volt": 0.87}, {"time": "2022-07-31 05:45:01", "temp": 45.7, "volt": 0.87}, {"time": "2022-07-31 05:46:01", "temp": 45.7, "volt": 0.87}, {"time": "2022-07-31 05:47:02", "temp": 46.7, "volt": 0.87}, {"time": "2022-07-31 05:48:01", "temp": 46.7, "volt": 0.87}, {"time": "2022-07-31 05:49:01", "temp": 46.7, "volt": 0.87}, {"time": "2022-07-31 05:50:01", "temp": 46.7, "volt": 0.87}, {"time": "2022-07-31 05:51:01", "temp": 46.2, "volt": 0.87}, {"time": "2022-07-31 05:52:02", "temp": 46.7, "volt": 0.87}, {"time": "2022-07-31 05:53:01", "temp": 46.7, "volt": 0.87}, {"time": "2022-07-31 05:54:01", "temp": 45.7, "volt": 0.87}, {"time": "2022-07-31 05:55:01", "temp": 46.7, "volt": 0.87}, {"time": "2022-07-31 05:56:01", "temp": 46.7, "volt": 0.87}, {"time": "2022-07-31 05:57:02", "temp": 46.7, "volt": 0.87}, {"time": "2022-07-31 05:58:01", "temp": 47.2, "volt": 0.87}, {"time": "2022-07-31 05:59:01", "temp": 46.7, "volt": 0.87}, {"time": "2022-07-31 06:00:01", "temp": 46.7, "volt": 0.87}, {"time": "2022-07-31 06:01:01", "temp": 46.2, "volt": 0.87}, {"time": "2022-07-31 06:02:02", "temp": 45.7, "volt": 0.87}, {"time": "2022-07-31 06:03:01", "temp": 46.7, "volt": 0.87}, {"time": "2022-07-31 06:04:01", "temp": 47.2, "volt": 0.87}, {"time": "2022-07-31 06:05:01", "temp": 46.7, "volt": 0.87}, {"time": "2022-07-31 06:06:01", "temp": 46.2, "volt": 0.87}, {"time": "2022-07-31 06:07:02", "temp": 46.7, "volt": 0.87}, {"time": "2022-07-31 06:08:01", "temp": 46.2, "volt": 0.87}, {"time": "2022-07-31 06:09:01", "temp": 46.2, "volt": 0.87}, {"time": "2022-07-31 06:10:01", "temp": 46.7, "volt": 0.87}, {"time": "2022-07-31 06:11:01", "temp": 47.2, "volt": 0.87}, {"time": "2022-07-31 06:12:02", "temp": 46.2, "volt": 0.87}, {"time": "2022-07-31 06:13:01", "temp": 46.2, "volt": 0.87}, {"time": "2022-07-31 06:14:01", "temp": 46.7, "volt": 0.87}, {"time": "2022-07-31 06:15:01", "temp": 47.2, "volt": 0.87}, {"time": "2022-07-31 06:16:01", "temp": 47.2, "volt": 0.87}, {"time": "2022-07-31 06:17:02", "temp": 46.7, "volt": 0.87}, {"time": "2022-07-31 06:18:01", "temp": 46.2, "volt": 0.87}, {"time": "2022-07-31 06:19:01", "temp": 46.2, "volt": 0.87}, {"time": "2022-07-31 06:20:01", "temp": 46.7, "volt": 0.87}, {"time": "2022-07-31 06:21:01", "temp": 45.7, "volt": 0.87}, {"time": "2022-07-31 06:22:02", "temp": 46.7, "volt": 0.87}, {"time": "2022-07-31 06:23:01", "temp": 46.2, "volt": 0.87}, {"time": "2022-07-31 06:24:01", "temp": 46.2, "volt": 0.87}, {"time": "2022-07-31 06:25:01", "temp": 47.2, "volt": 0.87}, {"time": "2022-07-31 06:26:01", "temp": 46.7, "volt": 0.87}, {"time": "2022-07-31 06:27:01", "temp": 46.2, "volt": 0.87}, {"time": "2022-07-31 06:28:01", "temp": 46.7, "volt": 0.87}, {"time": "2022-07-31 06:29:02", "temp": 47.2, "volt": 0.87}, {"time": "2022-07-31 06:30:01", "temp": 46.2, "volt": 0.87}, {"time": "2022-07-31 06:31:01", "temp": 46.2, "volt": 0.87}, {"time": "2022-07-31 06:32:01", "temp": 45.7, "volt": 0.87}, {"time": "2022-07-31 06:33:01", "temp": 45.7, "volt": 0.87}, {"time": "2022-07-31 06:34:02", "temp": 46.7, "volt": 0.87}, {"time": "2022-07-31 06:35:01", "temp": 46.2, "volt": 0.87}, {"time": "2022-07-31 06:36:01", "temp": 46.7, "volt": 0.87}, {"time": "2022-07-31 06:37:01", "temp": 46.7, "volt": 0.87}, {"time": "2022-07-31 06:38:01", "temp": 46.2, "volt": 0.87}, {"time": "2022-07-31 06:39:02", "temp": 46.2, "volt": 0.87}, {"time": "2022-07-31 06:40:01", "temp": 46.2, "volt": 0.87}, {"time": "2022-07-31 06:41:01", "temp": 46.7, "volt": 0.87}, {"time": "2022-07-31 06:42:01", "temp": 46.7, "volt": 0.87}, {"time": "2022-07-31 06:43:01", "temp": 46.2, "volt": 0.87}, {"time": "2022-07-31 06:44:02", "temp": 46.7, "volt": 0.87}, {"time": "2022-07-31 06:45:01", "temp": 46.7, "volt": 0.87}, {"time": "2022-07-31 06:46:01", "temp": 46.2, "volt": 0.87}, {"time": "2022-07-31 06:47:01", "temp": 47.2, "volt": 0.87}, {"time": "2022-07-31 06:48:01", "temp": 47.2, "volt": 0.87}, {"time": "2022-07-31 06:49:02", "temp": 46.2, "volt": 0.87}, {"time": "2022-07-31 06:50:01", "temp": 47.7, "volt": 0.87}, {"time": "2022-07-31 06:51:01", "temp": 47.2, "volt": 0.87}, {"time": "2022-07-31 06:52:01", "temp": 47.2, "volt": 0.87}, {"time": "2022-07-31 06:53:01", "temp": 47.2, "volt": 0.87}, {"time": "2022-07-31 06:54:02", "temp": 45.7, "volt": 0.87}, {"time": "2022-07-31 06:55:01", "temp": 46.7, "volt": 0.87}, {"time": "2022-07-31 06:56:01", "temp": 46.2, "volt": 0.87}, {"time": "2022-07-31 06:57:01", "temp": 47.2, "volt": 0.87}, {"time": "2022-07-31 06:58:01", "temp": 46.7, "volt": 0.87}, {"time": "2022-07-31 06:59:02", "temp": 46.2, "volt": 0.87}, {"time": "2022-07-31 07:00:01", "temp": 46.2, "volt": 0.87}, {"time": "2022-07-31 07:01:01", "temp": 46.7, "volt": 0.87}, {"time": "2022-07-31 07:02:01", "temp": 46.7, "volt": 0.87}, {"time": "2022-07-31 07:03:01", "temp": 45.7, "volt": 0.87}, {"time": "2022-07-31 07:04:02", "temp": 45.7, "volt": 0.87}, {"time": "2022-07-31 07:05:01", "temp": 46.7, "volt": 0.87}, {"time": "2022-07-31 07:06:01", "temp": 47.7, "volt": 0.87}, {"time": "2022-07-31 07:07:01", "temp": 47.2, "volt": 0.87}, {"time": "2022-07-31 07:08:01", "temp": 47.7, "volt": 0.87}, {"time": "2022-07-31 07:09:01", "temp": 45.7, "volt": 0.87}, {"time": "2022-07-31 07:10:01", "temp": 47.2, "volt": 0.87}, {"time": "2022-07-31 07:11:01", "temp": 46.7, "volt": 0.87}, {"time": "2022-07-31 07:12:01", "temp": 46.7, "volt": 0.87}, {"time": "2022-07-31 07:13:02", "temp": 46.7, "volt": 0.87}, {"time": "2022-07-31 07:14:01", "temp": 46.7, "volt": 0.87}, {"time": "2022-07-31 07:15:01", "temp": 46.7, "volt": 0.87}, {"time": "2022-07-31 07:16:01", "temp": 46.2, "volt": 0.87}, {"time": "2022-07-31 07:17:01", "temp": 47.2, "volt": 0.87}, {"time": "2022-07-31 07:18:02", "temp": 46.2, "volt": 0.87}, {"time": "2022-07-31 07:19:01", "temp": 45.7, "volt": 0.87}, {"time": "2022-07-31 07:20:01", "temp": 47.2, "volt": 0.87}, {"time": "2022-07-31 07:21:01", "temp": 47.7, "volt": 0.87}, {"time": "2022-07-31 07:22:01", "temp": 46.7, "volt": 0.87}, {"time": "2022-07-31 07:23:02", "temp": 46.2, "volt": 0.87}, {"time": "2022-07-31 07:24:01", "temp": 46.7, "volt": 0.87}, {"time": "2022-07-31 07:25:01", "temp": 46.2, "volt": 0.87}, {"time": "2022-07-31 07:26:01", "temp": 46.2, "volt": 0.87}, {"time": "2022-07-31 07:27:01", "temp": 46.2, "volt": 0.87}, {"time": "2022-07-31 07:28:02", "temp": 45.7, "volt": 0.87}, {"time": "2022-07-31 07:29:01", "temp": 46.2, "volt": 0.87}, {"time": "2022-07-31 07:30:01", "temp": 47.7, "volt": 0.87}, {"time": "2022-07-31 07:31:01", "temp": 46.2, "volt": 0.87}, {"time": "2022-07-31 07:32:01", "temp": 47.2, "volt": 0.87}, {"time": "2022-07-31 07:33:02", "temp": 46.7, "volt": 0.87}, {"time": "2022-07-31 07:34:01", "temp": 45.7, "volt": 0.87}, {"time": "2022-07-31 07:35:01", "temp": 46.2, "volt": 0.87}, {"time": "2022-07-31 07:36:01", "temp": 47.2, "volt": 0.87}, {"time": "2022-07-31 07:37:01", "temp": 46.2, "volt": 0.87}, {"time": "2022-07-31 07:38:02", "temp": 47.2, "volt": 0.87}, {"time": "2022-07-31 07:39:01", "temp": 46.2, "volt": 0.87}, {"time": "2022-07-31 07:40:01", "temp": 46.2, "volt": 0.87}, {"time": "2022-07-31 07:41:01", "temp": 46.7, "volt": 0.87}, {"time": "2022-07-31 07:42:01", "temp": 47.7, "volt": 0.87}, {"time": "2022-07-31 07:43:02", "temp": 45.2, "volt": 0.87}, {"time": "2022-07-31 07:44:01", "temp": 46.2, "volt": 0.87}, {"time": "2022-07-31 07:45:01", "temp": 47.2, "volt": 0.87}, {"time": "2022-07-31 07:46:01", "temp": 46.2, "volt": 0.87}, {"time": "2022-07-31 07:47:01", "temp": 46.2, "volt": 0.87}, {"time": "2022-07-31 07:48:02", "temp": 45.7, "volt": 0.87}, {"time": "2022-07-31 07:49:01", "temp": 46.2, "volt": 0.87}, {"time": "2022-07-31 07:50:01", "temp": 46.7, "volt": 0.87}, {"time": "2022-07-31 07:51:01", "temp": 46.2, "volt": 0.87}, {"time": "2022-07-31 07:52:01", "temp": 46.2, "volt": 0.87}, {"time": "2022-07-31 07:53:01", "temp": 46.7, "volt": 0.87}, {"time": "2022-07-31 07:54:01", "temp": 46.2, "volt": 0.87}, {"time": "2022-07-31 07:55:01", "temp": 45.7, "volt": 0.87}, {"time": "2022-07-31 07:56:01", "temp": 46.2, "volt": 0.87}, {"time": "2022-07-31 07:57:01", "temp": 46.2, "volt": 0.87}, {"time": "2022-07-31 07:58:01", "temp": 46.2, "volt": 0.87}, {"time": "2022-07-31 07:59:01", "temp": 47.2, "volt": 0.87}, {"time": "2022-07-31 08:00:01", "temp": 46.7, "volt": 0.87}, {"time": "2022-07-31 08:01:01", "temp": 47.2, "volt": 0.87}, {"time": "2022-07-31 08:02:01", "temp": 46.2, "volt": 0.87}, {"time": "2022-07-31 08:03:01", "temp": 47.2, "volt": 0.87}, {"time": "2022-07-31 08:04:01", "temp": 46.7, "volt": 0.87}, {"time": "2022-07-31 08:05:01", "temp": 45.7, "volt": 0.87}, {"time": "2022-07-31 08:06:01", "temp": 46.2, "volt": 0.87}, {"time": "2022-07-31 08:07:02", "temp": 47.2, "volt": 0.87}, {"time": "2022-07-31 08:08:01", "temp": 45.7, "volt": 0.87}, {"time": "2022-07-31 08:09:01", "temp": 45.7, "volt": 0.87}, {"time": "2022-07-31 08:10:01", "temp": 46.2, "volt": 0.87}, {"time": "2022-07-31 08:11:01", "temp": 46.7, "volt": 0.87}, {"time": "2022-07-31 08:12:02", "temp": 46.7, "volt": 0.87}, {"time": "2022-07-31 08:13:01", "temp": 47.2, "volt": 0.87}, {"time": "2022-07-31 08:14:01", "temp": 47.2, "volt": 0.87}, {"time": "2022-07-31 08:15:01", "temp": 46.2, "volt": 0.87}, {"time": "2022-07-31 08:16:01", "temp": 46.7, "volt": 0.87}, {"time": "2022-07-31 08:17:02", "temp": 45.7, "volt": 0.87}, {"time": "2022-07-31 08:18:01", "temp": 46.7, "volt": 0.87}, {"time": "2022-07-31 08:19:01", "temp": 47.2, "volt": 0.87}, {"time": "2022-07-31 08:20:01", "temp": 46.2, "volt": 0.87}, {"time": "2022-07-31 08:21:01", "temp": 46.7, "volt": 0.87}, {"time": "2022-07-31 08:22:02", "temp": 46.7, "volt": 0.87}, {"time": "2022-07-31 08:23:01", "temp": 46.2, "volt": 0.87}, {"time": "2022-07-31 08:24:01", "temp": 47.2, "volt": 0.87}, {"time": "2022-07-31 08:25:01", "temp": 45.7, "volt": 0.87}, {"time": "2022-07-31 08:26:01", "temp": 46.7, "volt": 0.87}, {"time": "2022-07-31 08:27:02", "temp": 47.2, "volt": 0.87}, {"time": "2022-07-31 08:28:01", "temp": 46.2, "volt": 0.87}, {"time": "2022-07-31 08:29:01", "temp": 46.7, "volt": 0.87}, {"time": "2022-07-31 08:30:01", "temp": 46.7, "volt": 0.87}, {"time": "2022-07-31 08:31:01", "temp": 46.7, "volt": 0.87}, {"time": "2022-07-31 08:32:01", "temp": 46.2, "volt": 0.87}, {"time": "2022-07-31 08:33:01", "temp": 46.7, "volt": 0.87}, {"time": "2022-07-31 08:34:01", "temp": 45.7, "volt": 0.87}, {"time": "2022-07-31 08:35:01", "temp": 45.7, "volt": 0.87}, {"time": "2022-07-31 08:36:01", "temp": 47.7, "volt": 0.87}, {"time": "2022-07-31 08:37:01", "temp": 46.7, "volt": 0.87}, {"time": "2022-07-31 08:38:01", "temp": 46.2, "volt": 0.87}, {"time": "2022-07-31 08:39:01", "temp": 44.8, "volt": 0.87}, {"time": "2022-07-31 08:40:01", "temp": 46.2, "volt": 0.87}, {"time": "2022-07-31 08:41:02", "temp": 46.2, "volt": 0.87}, {"time": "2022-07-31 08:42:01", "temp": 46.7, "volt": 0.87}, {"time": "2022-07-31 08:43:01", "temp": 46.2, "volt": 0.87}, {"time": "2022-07-31 08:44:01", "temp": 46.2, "volt": 0.87}, {"time": "2022-07-31 08:45:01", "temp": 46.7, "volt": 0.87}, {"time": "2022-07-31 08:46:02", "temp": 46.2, "volt": 0.87}, {"time": "2022-07-31 08:47:01", "temp": 48.2, "volt": 0.87}, {"time": "2022-07-31 08:48:01", "temp": 46.7, "volt": 0.87}, {"time": "2022-07-31 08:49:01", "temp": 46.7, "volt": 0.87}, {"time": "2022-07-31 08:50:01", "temp": 47.7, "volt": 0.87}, {"time": "2022-07-31 08:51:02", "temp": 47.7, "volt": 0.87}, {"time": "2022-07-31 08:52:01", "temp": 45.7, "volt": 0.87}, {"time": "2022-07-31 08:53:01", "temp": 45.2, "volt": 0.87}, {"time": "2022-07-31 08:54:01", "temp": 46.2, "volt": 0.87}, {"time": "2022-07-31 08:55:01", "temp": 46.2, "volt": 0.87}, {"time": "2022-07-31 08:56:01", "temp": 46.2, "volt": 0.87}, {"time": "2022-07-31 08:57:01", "temp": 46.2, "volt": 0.87}, {"time": "2022-07-31 08:58:01", "temp": 46.7, "volt": 0.87}, {"time": "2022-07-31 08:59:01", "temp": 46.2, "volt": 0.87}, {"time": "2022-07-31 09:00:01", "temp": 45.7, "volt": 0.87}, {"time": "2022-07-31 09:01:01", "temp": 46.2, "volt": 0.87}, {"time": "2022-07-31 09:02:01", "temp": 47.2, "volt": 0.87}, {"time": "2022-07-31 09:03:01", "temp": 46.2, "volt": 0.87}, {"time": "2022-07-31 09:04:01", "temp": 46.2, "volt": 0.87}, {"time": "2022-07-31 09:05:02", "temp": 46.2, "volt": 0.87}, {"time": "2022-07-31 09:06:01", "temp": 46.2, "volt": 0.87}, {"time": "2022-07-31 09:07:01", "temp": 46.2, "volt": 0.87}, {"time": "2022-07-31 09:08:01", "temp": 45.7, "volt": 0.87}, {"time": "2022-07-31 09:09:01", "temp": 47.2, "volt": 0.87}, {"time": "2022-07-31 09:10:02", "temp": 46.7, "volt": 0.87}, {"time": "2022-07-31 09:11:01", "temp": 47.2, "volt": 0.87}, {"time": "2022-07-31 09:12:01", "temp": 45.7, "volt": 0.87}, {"time": "2022-07-31 09:13:01", "temp": 46.2, "volt": 0.87}, {"time": "2022-07-31 09:14:01", "temp": 46.2, "volt": 0.87}, {"time": "2022-07-31 09:15:02", "temp": 46.2, "volt": 0.87}, {"time": "2022-07-31 09:16:01", "temp": 46.7, "volt": 0.87}, {"time": "2022-07-31 09:17:01", "temp": 47.2, "volt": 0.87}, {"time": "2022-07-31 09:18:01", "temp": 46.2, "volt": 0.87}, {"time": "2022-07-31 09:19:01", "temp": 46.7, "volt": 0.87}, {"time": "2022-07-31 09:20:01", "temp": 47.2, "volt": 0.87}, {"time": "2022-07-31 09:21:01", "temp": 46.2, "volt": 0.87}, {"time": "2022-07-31 09:22:01", "temp": 46.2, "volt": 0.87}, {"time": "2022-07-31 09:23:01", "temp": 47.2, "volt": 0.87}, {"time": "2022-07-31 09:24:02", "temp": 46.7, "volt": 0.87}, {"time": "2022-07-31 09:25:01", "temp": 46.2, "volt": 0.87}, {"time": "2022-07-31 09:26:01", "temp": 46.2, "volt": 0.87}, {"time": "2022-07-31 09:27:01", "temp": 47.2, "volt": 0.87}, {"time": "2022-07-31 09:28:01", "temp": 46.7, "volt": 0.87}, {"time": "2022-07-31 09:29:02", "temp": 47.2, "volt": 0.87}, {"time": "2022-07-31 09:30:01", "temp": 47.2, "volt": 0.87}, {"time": "2022-07-31 09:31:01", "temp": 45.7, "volt": 0.87}, {"time": "2022-07-31 09:32:01", "temp": 45.2, "volt": 0.87}, {"time": "2022-07-31 09:33:01", "temp": 47.7, "volt": 0.87}, {"time": "2022-07-31 09:34:02", "temp": 47.7, "volt": 0.87}, {"time": "2022-07-31 09:35:01", "temp": 46.7, "volt": 0.87}, {"time": "2022-07-31 09:36:01", "temp": 46.7, "volt": 0.87}, {"time": "2022-07-31 09:37:01", "temp": 47.7, "volt": 0.87}, {"time": "2022-07-31 09:38:01", "temp": 46.2, "volt": 0.87}, {"time": "2022-07-31 09:39:02", "temp": 46.7, "volt": 0.87}, {"time": "2022-07-31 09:40:01", "temp": 47.2, "volt": 0.87}, {"time": "2022-07-31 09:41:01", "temp": 45.7, "volt": 0.87}, {"time": "2022-07-31 09:42:01", "temp": 46.7, "volt": 0.87}, {"time": "2022-07-31 09:43:01", "temp": 47.2, "volt": 0.87}, {"time": "2022-07-31 09:44:01", "temp": 46.2, "volt": 0.87}, {"time": "2022-07-31 09:45:01", "temp": 47.7, "volt": 0.87}, {"time": "2022-07-31 09:46:01", "temp": 45.2, "volt": 0.87}, {"time": "2022-07-31 09:47:01", "temp": 47.7, "volt": 0.87}, {"time": "2022-07-31 09:48:01", "temp": 46.2, "volt": 0.87}, {"time": "2022-07-31 09:49:01", "temp": 46.7, "volt": 0.87}, {"time": "2022-07-31 09:50:01", "temp": 45.7, "volt": 0.87}, {"time": "2022-07-31 09:51:01", "temp": 48.2, "volt": 0.87}, {"time": "2022-07-31 09:52:01", "temp": 46.7, "volt": 0.87}, {"time": "2022-07-31 09:53:02", "temp": 46.7, "volt": 0.87}, {"time": "2022-07-31 09:54:01", "temp": 46.7, "volt": 0.87}, {"time": "2022-07-31 09:55:01", "temp": 46.7, "volt": 0.87}, {"time": "2022-07-31 09:56:01", "temp": 47.7, "volt": 0.87}, {"time": "2022-07-31 09:57:01", "temp": 45.7, "volt": 0.87}, {"time": "2022-07-31 09:58:02", "temp": 47.7, "volt": 0.87}, {"time": "2022-07-31 09:59:01", "temp": 46.7, "volt": 0.87}, {"time": "2022-07-31 10:00:01", "temp": 46.7, "volt": 0.87}, {"time": "2022-07-31 10:01:02", "temp": 46.7, "volt": 0.87}, {"time": "2022-07-31 10:02:01", "temp": 46.2, "volt": 0.87}, {"time": "2022-07-31 10:03:01", "temp": 46.7, "volt": 0.87}, {"time": "2022-07-31 10:04:01", "temp": 47.7, "volt": 0.87}, {"time": "2022-07-31 10:05:01", "temp": 46.2, "volt": 0.87}, {"time": "2022-07-31 10:06:02", "temp": 46.2, "volt": 0.87}, {"time": "2022-07-31 10:07:01", "temp": 47.2, "volt": 0.87}, {"time": "2022-07-31 10:08:01", "temp": 46.2, "volt": 0.87}, {"time": "2022-07-31 10:09:01", "temp": 46.2, "volt": 0.87}, {"time": "2022-07-31 10:10:01", "temp": 46.2, "volt": 0.87}, {"time": "2022-07-31 10:11:02", "temp": 46.7, "volt": 0.87}, {"time": "2022-07-31 10:12:01", "temp": 47.7, "volt": 0.87}, {"time": "2022-07-31 10:13:01", "temp": 47.2, "volt": 0.87}, {"time": "2022-07-31 10:14:01", "temp": 46.2, "volt": 0.87}, {"time": "2022-07-31 10:15:01", "temp": 45.7, "volt": 0.87}, {"time": "2022-07-31 10:16:01", "temp": 46.2, "volt": 0.87}, {"time": "2022-07-31 10:17:01", "temp": 46.2, "volt": 0.87}, {"time": "2022-07-31 10:18:01", "temp": 47.2, "volt": 0.87}, {"time": "2022-07-31 10:19:01", "temp": 47.2, "volt": 0.87}, {"time": "2022-07-31 10:20:02", "temp": 46.2, "volt": 0.87}, {"time": "2022-07-31 10:21:01", "temp": 46.7, "volt": 0.87}, {"time": "2022-07-31 10:22:01", "temp": 46.2, "volt": 0.87}, {"time": "2022-07-31 10:23:01", "temp": 47.2, "volt": 0.87}, {"time": "2022-07-31 10:24:01", "temp": 47.2, "volt": 0.87}, {"time": "2022-07-31 10:25:02", "temp": 46.7, "volt": 0.87}, {"time": "2022-07-31 10:26:01", "temp": 46.7, "volt": 0.87}, {"time": "2022-07-31 10:27:01", "temp": 47.2, "volt": 0.87}, {"time": "2022-07-31 10:28:01", "temp": 46.7, "volt": 0.87}, {"time": "2022-07-31 10:29:01", "temp": 46.7, "volt": 0.87}, {"time": "2022-07-31 10:30:02", "temp": 47.2, "volt": 0.87}, {"time": "2022-07-31 10:31:01", "temp": 47.7, "volt": 0.87}, {"time": "2022-07-31 10:32:01", "temp": 47.2, "volt": 0.87}, {"time": "2022-07-31 10:33:01", "temp": 47.2, "volt": 0.87}, {"time": "2022-07-31 10:34:01", "temp": 47.2, "volt": 0.87}, {"time": "2022-07-31 10:35:02", "temp": 46.7, "volt": 0.87}, {"time": "2022-07-31 10:36:01", "temp": 46.2, "volt": 0.87}, {"time": "2022-07-31 10:37:01", "temp": 45.7, "volt": 0.87}, {"time": "2022-07-31 10:38:01", "temp": 46.7, "volt": 0.87}, {"time": "2022-07-31 10:39:01", "temp": 45.7, "volt": 0.87}, {"time": "2022-07-31 10:40:01", "temp": 46.7, "volt": 0.87}, {"time": "2022-07-31 10:41:01", "temp": 46.2, "volt": 0.87}, {"time": "2022-07-31 10:42:01", "temp": 47.2, "volt": 0.87}, {"time": "2022-07-31 10:43:01", "temp": 47.2, "volt": 0.87}, {"time": "2022-07-31 10:44:02", "temp": 46.2, "volt": 0.87}, {"time": "2022-07-31 10:45:01", "temp": 47.7, "volt": 0.87}, {"time": "2022-07-31 10:46:01", "temp": 47.7, "volt": 0.87}, {"time": "2022-07-31 10:47:01", "temp": 47.2, "volt": 0.87}, {"time": "2022-07-31 10:48:01", "temp": 46.2, "volt": 0.87}, {"time": "2022-07-31 10:49:02", "temp": 46.7, "volt": 0.87}, {"time": "2022-07-31 10:50:01", "temp": 46.7, "volt": 0.87}, {"time": "2022-07-31 10:51:01", "temp": 46.2, "volt": 0.87}, {"time": "2022-07-31 10:52:01", "temp": 47.2, "volt": 0.87}, {"time": "2022-07-31 10:53:01", "temp": 45.7, "volt": 0.87}, {"time": "2022-07-31 10:54:02", "temp": 46.7, "volt": 0.87}, {"time": "2022-07-31 10:55:01", "temp": 47.2, "volt": 0.87}, {"time": "2022-07-31 10:56:01", "temp": 47.2, "volt": 0.87}, {"time": "2022-07-31 10:57:01", "temp": 46.7, "volt": 0.87}, {"time": "2022-07-31 10:58:01", "temp": 47.2, "volt": 0.87}, {"time": "2022-07-31 10:59:01", "temp": 46.7, "volt": 0.87}, {"time": "2022-07-31 11:00:01", "temp": 46.2, "volt": 0.87}, {"time": "2022-07-31 11:01:01", "temp": 46.7, "volt": 0.87}, {"time": "2022-07-31 11:02:01", "temp": 47.2, "volt": 0.87}, {"time": "2022-07-31 11:03:02", "temp": 46.7, "volt": 0.87}, {"time": "2022-07-31 11:04:01", "temp": 45.7, "volt": 0.87}, {"time": "2022-07-31 11:05:01", "temp": 46.7, "volt": 0.87}, {"time": "2022-07-31 11:06:01", "temp": 46.7, "volt": 0.87}, {"time": "2022-07-31 11:07:01", "temp": 47.2, "volt": 0.87}, {"time": "2022-07-31 11:08:02", "temp": 47.2, "volt": 0.87}, {"time": "2022-07-31 11:09:01", "temp": 46.7, "volt": 0.87}, {"time": "2022-07-31 11:10:01", "temp": 47.2, "volt": 0.87}, {"time": "2022-07-31 11:11:01", "temp": 45.7, "volt": 0.87}, {"time": "2022-07-31 11:12:01", "temp": 46.7, "volt": 0.87}, {"time": "2022-07-31 11:13:01", "temp": 46.7, "volt": 0.87}, {"time": "2022-07-31 11:14:01", "temp": 47.7, "volt": 0.87}, {"time": "2022-07-31 11:15:01", "temp": 47.2, "volt": 0.87}, {"time": "2022-07-31 11:16:01", "temp": 47.2, "volt": 0.87}, {"time": "2022-07-31 11:17:01", "temp": 47.2, "volt": 0.87}, {"time": "2022-07-31 11:18:01", "temp": 46.2, "volt": 0.87}, {"time": "2022-07-31 11:19:01", "temp": 47.2, "volt": 0.87}, {"time": "2022-07-31 11:20:01", "temp": 47.7, "volt": 0.87}, {"time": "2022-07-31 11:21:01", "temp": 46.7, "volt": 0.87}, {"time": "2022-07-31 11:22:02", "temp": 46.7, "volt": 0.87}, {"time": "2022-07-31 11:23:01", "temp": 46.2, "volt": 0.87}, {"time": "2022-07-31 11:24:01", "temp": 47.2, "volt": 0.87}, {"time": "2022-07-31 11:25:01", "temp": 46.2, "volt": 0.87}, {"time": "2022-07-31 11:26:01", "temp": 46.2, "volt": 0.87}, {"time": "2022-07-31 11:27:02", "temp": 46.7, "volt": 0.87}, {"time": "2022-07-31 11:28:01", "temp": 47.2, "volt": 0.87}, {"time": "2022-07-31 11:29:01", "temp": 47.2, "volt": 0.87}, {"time": "2022-07-31 11:30:01", "temp": 46.2, "volt": 0.87}, {"time": "2022-07-31 11:31:01", "temp": 46.7, "volt": 0.87}, {"time": "2022-07-31 11:32:01", "temp": 46.7, "volt": 0.87}, {"time": "2022-07-31 11:33:01", "temp": 48.2, "volt": 0.87}, {"time": "2022-07-31 11:34:01", "temp": 46.2, "volt": 0.87}, {"time": "2022-07-31 11:35:01", "temp": 46.7, "volt": 0.87}, {"time": "2022-07-31 11:36:02", "temp": 47.2, "volt": 0.87}, {"time": "2022-07-31 11:37:01", "temp": 47.2, "volt": 0.87}, {"time": "2022-07-31 11:38:01", "temp": 47.2, "volt": 0.87}, {"time": "2022-07-31 11:39:01", "temp": 47.2, "volt": 0.87}, {"time": "2022-07-31 11:40:01", "temp": 47.2, "volt": 0.87}, {"time": "2022-07-31 11:41:02", "temp": 46.2, "volt": 0.87}, {"time": "2022-07-31 11:42:01", "temp": 46.2, "volt": 0.87}, {"time": "2022-07-31 11:43:01", "temp": 46.7, "volt": 0.87}, {"time": "2022-07-31 11:44:01", "temp": 46.7, "volt": 0.87}, {"time": "2022-07-31 11:45:01", "temp": 46.7, "volt": 0.87}, {"time": "2022-07-31 11:46:02", "temp": 46.2, "volt": 0.87}, {"time": "2022-07-31 11:47:01", "temp": 47.2, "volt": 0.87}, {"time": "2022-07-31 11:48:01", "temp": 47.7, "volt": 0.87}, {"time": "2022-07-31 11:49:01", "temp": 47.7, "volt": 0.87}, {"time": "2022-07-31 11:50:01", "temp": 48.2, "volt": 0.87}, {"time": "2022-07-31 11:51:02", "temp": 46.2, "volt": 0.87}, {"time": "2022-07-31 11:52:01", "temp": 46.7, "volt": 0.87}, {"time": "2022-07-31 11:53:01", "temp": 46.7, "volt": 0.87}, {"time": "2022-07-31 11:54:01", "temp": 48.2, "volt": 0.87}, {"time": "2022-07-31 11:55:02", "temp": 47.7, "volt": 0.87}, {"time": "2022-07-31 11:56:01", "temp": 47.2, "volt": 0.87}, {"time": "2022-07-31 11:57:01", "temp": 46.7, "volt": 0.87}, {"time": "2022-07-31 11:58:01", "temp": 46.7, "volt": 0.87}, {"time": "2022-07-31 11:59:01", "temp": 48.2, "volt": 0.87}, {"time": "2022-07-31 12:00:02", "temp": 47.7, "volt": 0.87}, {"time": "2022-07-31 12:01:01", "temp": 47.2, "volt": 0.87}, {"time": "2022-07-31 12:02:01", "temp": 46.7, "volt": 0.87}, {"time": "2022-07-31 12:03:01", "temp": 46.2, "volt": 0.87}, {"time": "2022-07-31 12:04:01", "temp": 46.7, "volt": 0.87}, {"time": "2022-07-31 12:05:02", "temp": 45.7, "volt": 0.87}, {"time": "2022-07-31 12:06:01", "temp": 46.7, "volt": 0.87}, {"time": "2022-07-31 12:07:01", "temp": 46.7, "volt": 0.87}, {"time": "2022-07-31 12:08:01", "temp": 47.2, "volt": 0.87}, {"time": "2022-07-31 12:09:02", "temp": 47.2, "volt": 0.87}, {"time": "2022-07-31 12:10:01", "temp": 45.7, "volt": 0.87}, {"time": "2022-07-31 12:11:01", "temp": 46.7, "volt": 0.87}, {"time": "2022-07-31 12:12:01", "temp": 46.7, "volt": 0.87}, {"time": "2022-07-31 12:13:01", "temp": 46.7, "volt": 0.87}, {"time": "2022-07-31 12:14:02", "temp": 46.2, "volt": 0.87}, {"time": "2022-07-31 12:15:01", "temp": 46.7, "volt": 0.87}, {"time": "2022-07-31 12:16:01", "temp": 47.7, "volt": 0.87}, {"time": "2022-07-31 12:17:01", "temp": 47.2, "volt": 0.87}, {"time": "2022-07-31 12:18:01", "temp": 47.2, "volt": 0.87}, {"time": "2022-07-31 12:19:01", "temp": 47.2, "volt": 0.87}, {"time": "2022-07-31 12:20:01", "temp": 46.7, "volt": 0.87}, {"time": "2022-07-31 12:21:01", "temp": 47.7, "volt": 0.87}, {"time": "2022-07-31 12:22:01", "temp": 47.7, "volt": 0.87}, {"time": "2022-07-31 12:23:02", "temp": 47.2, "volt": 0.87}, {"time": "2022-07-31 12:24:01", "temp": 46.7, "volt": 0.87}, {"time": "2022-07-31 12:25:01", "temp": 47.2, "volt": 0.87}, {"time": "2022-07-31 12:26:01", "temp": 46.7, "volt": 0.87}, {"time": "2022-07-31 12:27:01", "temp": 46.2, "volt": 0.87}, {"time": "2022-07-31 12:28:02", "temp": 46.7, "volt": 0.87}, {"time": "2022-07-31 12:29:01", "temp": 46.2, "volt": 0.87}, {"time": "2022-07-31 12:30:01", "temp": 46.7, "volt": 0.87}, {"time": "2022-07-31 12:31:01", "temp": 47.7, "volt": 0.87}, {"time": "2022-07-31 12:32:01", "temp": 46.7, "volt": 0.87}, {"time": "2022-07-31 12:33:01", "temp": 47.7, "volt": 0.87}, {"time": "2022-07-31 12:34:01", "temp": 46.7, "volt": 0.87}, {"time": "2022-07-31 12:35:01", "temp": 46.2, "volt": 0.87}, {"time": "2022-07-31 12:36:01", "temp": 47.2, "volt": 0.87}, {"time": "2022-07-31 12:37:02", "temp": 46.7, "volt": 0.87}, {"time": "2022-07-31 12:38:01", "temp": 46.7, "volt": 0.87}, {"time": "2022-07-31 12:39:01", "temp": 46.7, "volt": 0.87}, {"time": "2022-07-31 12:40:01", "temp": 45.7, "volt": 0.87}, {"time": "2022-07-31 12:41:01", "temp": 47.7, "volt": 0.87}, {"time": "2022-07-31 12:42:02", "temp": 47.2, "volt": 0.87}, {"time": "2022-07-31 12:43:01", "temp": 47.7, "volt": 0.87}, {"time": "2022-07-31 12:44:01", "temp": 47.2, "volt": 0.87}, {"time": "2022-07-31 12:45:01", "temp": 47.7, "volt": 0.87}, {"time": "2022-07-31 12:46:01", "temp": 47.2, "volt": 0.87}, {"time": "2022-07-31 12:47:01", "temp": 46.7, "volt": 0.87}, {"time": "2022-07-31 12:48:01", "temp": 46.7, "volt": 0.87}, {"time": "2022-07-31 12:49:01", "temp": 47.2, "volt": 0.87}, {"time": "2022-07-31 12:50:01", "temp": 46.2, "volt": 0.87}, {"time": "2022-07-31 12:51:02", "temp": 46.7, "volt": 0.87}, {"time": "2022-07-31 12:52:01", "temp": 47.2, "volt": 0.87}, {"time": "2022-07-31 12:53:01", "temp": 46.2, "volt": 0.87}, {"time": "2022-07-31 12:54:01", "temp": 46.7, "volt": 0.87}, {"time": "2022-07-31 12:55:01", "temp": 48.2, "volt": 0.87}, {"time": "2022-07-31 12:56:02", "temp": 47.7, "volt": 0.87}, {"time": "2022-07-31 12:57:01", "temp": 46.7, "volt": 0.87}, {"time": "2022-07-31 12:58:01", "temp": 46.7, "volt": 0.87}, {"time": "2022-07-31 12:59:01", "temp": 47.2, "volt": 0.87}, {"time": "2022-07-31 13:00:01", "temp": 46.7, "volt": 0.87}, {"time": "2022-07-31 13:01:01", "temp": 46.7, "volt": 0.87}, {"time": "2022-07-31 13:02:01", "temp": 46.7, "volt": 0.87}, {"time": "2022-07-31 13:03:01", "temp": 47.2, "volt": 0.87}, {"time": "2022-07-31 13:04:01", "temp": 46.7, "volt": 0.87}, {"time": "2022-07-31 13:05:02", "temp": 47.2, "volt": 0.87}, {"time": "2022-07-31 13:06:01", "temp": 47.2, "volt": 0.87}, {"time": "2022-07-31 13:07:01", "temp": 47.2, "volt": 0.87}, {"time": "2022-07-31 13:08:01", "temp": 46.7, "volt": 0.87}, {"time": "2022-07-31 13:09:01", "temp": 47.7, "volt": 0.87}, {"time": "2022-07-31 13:10:02", "temp": 46.2, "volt": 0.87}, {"time": "2022-07-31 13:11:01", "temp": 47.2, "volt": 0.87}, {"time": "2022-07-31 13:12:01", "temp": 47.7, "volt": 0.87}, {"time": "2022-07-31 13:13:01", "temp": 47.2, "volt": 0.87}, {"time": "2022-07-31 13:14:01", "temp": 46.7, "volt": 0.87}, {"time": "2022-07-31 13:15:01", "temp": 46.2, "volt": 0.87}, {"time": "2022-07-31 13:16:01", "temp": 46.7, "volt": 0.87}, {"time": "2022-07-31 13:17:01", "temp": 47.2, "volt": 0.87}, {"time": "2022-07-31 13:18:01", "temp": 46.2, "volt": 0.87}, {"time": "2022-07-31 13:19:02", "temp": 46.7, "volt": 0.87}, {"time": "2022-07-31 13:20:01", "temp": 46.7, "volt": 0.87}, {"time": "2022-07-31 13:21:01", "temp": 46.2, "volt": 0.87}, {"time": "2022-07-31 13:22:01", "temp": 46.7, "volt": 0.87}, {"time": "2022-07-31 13:23:01", "temp": 46.7, "volt": 0.87}, {"time": "2022-07-31 13:24:02", "temp": 46.2, "volt": 0.87}, {"time": "2022-07-31 13:25:01", "temp": 47.2, "volt": 0.87}, {"time": "2022-07-31 13:26:01", "temp": 46.7, "volt": 0.87}, {"time": "2022-07-31 13:27:01", "temp": 46.2, "volt": 0.87}, {"time": "2022-07-31 13:28:01", "temp": 47.2, "volt": 0.87}, {"time": "2022-07-31 13:29:01", "temp": 46.7, "volt": 0.87}, {"time": "2022-07-31 13:30:01", "temp": 47.2, "volt": 0.87}, {"time": "2022-07-31 13:31:01", "temp": 47.2, "volt": 0.87}, {"time": "2022-07-31 13:32:01", "temp": 47.2, "volt": 0.87}, {"time": "2022-07-31 13:33:02", "temp": 47.7, "volt": 0.87}, {"time": "2022-07-31 13:34:01", "temp": 47.7, "volt": 0.87}, {"time": "2022-07-31 13:35:01", "temp": 47.2, "volt": 0.87}, {"time": "2022-07-31 13:36:01", "temp": 47.2, "volt": 0.87}, {"time": "2022-07-31 13:37:01", "temp": 46.7, "volt": 0.87}, {"time": "2022-07-31 13:38:01", "temp": 47.2, "volt": 0.87}, {"time": "2022-07-31 13:39:01", "temp": 46.7, "volt": 0.87}, {"time": "2022-07-31 13:40:01", "temp": 46.7, "volt": 0.87}, {"time": "2022-07-31 13:41:01", "temp": 47.2, "volt": 0.87}, {"time": "2022-07-31 13:42:02", "temp": 46.7, "volt": 0.87}, {"time": "2022-07-31 13:43:01", "temp": 47.2, "volt": 0.87}, {"time": "2022-07-31 13:44:01", "temp": 46.7, "volt": 0.87}, {"time": "2022-07-31 13:45:01", "temp": 47.2, "volt": 0.87}, {"time": "2022-07-31 13:46:01", "temp": 47.7, "volt": 0.87}, {"time": "2022-07-31 13:47:01", "temp": 47.2, "volt": 0.87}, {"time": "2022-07-31 13:48:01", "temp": 47.2, "volt": 0.87}, {"time": "2022-07-31 13:49:01", "temp": 48.2, "volt": 0.87}, {"time": "2022-07-31 13:50:01", "temp": 46.7, "volt": 0.87}, {"time": "2022-07-31 13:51:02", "temp": 47.7, "volt": 0.87}, {"time": "2022-07-31 13:52:01", "temp": 47.7, "volt": 0.87}, {"time": "2022-07-31 13:53:01", "temp": 47.7, "volt": 0.87}, {"time": "2022-07-31 13:54:01", "temp": 47.2, "volt": 0.87}, {"time": "2022-07-31 13:55:01", "temp": 47.7, "volt": 0.87}, {"time": "2022-07-31 13:56:02", "temp": 46.7, "volt": 0.87}, {"time": "2022-07-31 13:57:01", "temp": 48.2, "volt": 0.87}, {"time": "2022-07-31 13:58:01", "temp": 46.2, "volt": 0.87}, {"time": "2022-07-31 13:59:01", "temp": 47.2, "volt": 0.87}, {"time": "2022-07-31 14:00:02", "temp": 46.2, "volt": 0.87}, {"time": "2022-07-31 14:01:01", "temp": 48.2, "volt": 0.87}, {"time": "2022-07-31 14:02:01", "temp": 47.7, "volt": 0.87}, {"time": "2022-07-31 14:03:01", "temp": 47.2, "volt": 0.87}, {"time": "2022-07-31 14:04:01", "temp": 46.7, "volt": 0.87}, {"time": "2022-07-31 14:05:02", "temp": 46.2, "volt": 0.87}, {"time": "2022-07-31 14:06:01", "temp": 46.7, "volt": 0.87}, {"time": "2022-07-31 14:07:01", "temp": 46.7, "volt": 0.87}, {"time": "2022-07-31 14:08:01", "temp": 47.7, "volt": 0.87}, {"time": "2022-07-31 14:09:02", "temp": 47.2, "volt": 0.87}, {"time": "2022-07-31 14:10:01", "temp": 47.7, "volt": 0.87}, {"time": "2022-07-31 14:11:01", "temp": 46.7, "volt": 0.87}, {"time": "2022-07-31 14:12:01", "temp": 47.7, "volt": 0.87}, {"time": "2022-07-31 14:13:01", "temp": 46.7, "volt": 0.87}, {"time": "2022-07-31 14:14:02", "temp": 47.2, "volt": 0.87}, {"time": "2022-07-31 14:15:01", "temp": 47.2, "volt": 0.87}, {"time": "2022-07-31 14:16:01", "temp": 48.2, "volt": 0.87}, {"time": "2022-07-31 14:17:01", "temp": 48.2, "volt": 0.87}, {"time": "2022-07-31 14:18:01", "temp": 47.7, "volt": 0.87}, {"time": "2022-07-31 14:19:01", "temp": 46.7, "volt": 0.87}, {"time": "2022-07-31 14:20:01", "temp": 46.7, "volt": 0.87}, {"time": "2022-07-31 14:21:01", "temp": 47.2, "volt": 0.87}, {"time": "2022-07-31 14:22:01", "temp": 47.2, "volt": 0.87}, {"time": "2022-07-31 14:23:02", "temp": 47.2, "volt": 0.87}, {"time": "2022-07-31 14:24:01", "temp": 47.2, "volt": 0.87}, {"time": "2022-07-31 14:25:01", "temp": 47.7, "volt": 0.87}, {"time": "2022-07-31 14:26:01", "temp": 47.7, "volt": 0.87}, {"time": "2022-07-31 14:27:02", "temp": 47.2, "volt": 0.87}, {"time": "2022-07-31 14:28:01", "temp": 47.7, "volt": 0.87}, {"time": "2022-07-31 14:29:01", "temp": 46.7, "volt": 0.87}, {"time": "2022-07-31 14:30:01", "temp": 47.2, "volt": 0.87}, {"time": "2022-07-31 14:31:01", "temp": 46.7, "volt": 0.87}, {"time": "2022-07-31 14:32:02", "temp": 46.7, "volt": 0.87}, {"time": "2022-07-31 14:33:01", "temp": 47.7, "volt": 0.87}, {"time": "2022-07-31 14:34:01", "temp": 46.2, "volt": 0.87}, {"time": "2022-07-31 14:35:01", "temp": 47.2, "volt": 0.87}, {"time": "2022-07-31 14:36:01", "temp": 47.2, "volt": 0.87}, {"time": "2022-07-31 14:37:01", "temp": 45.7, "volt": 0.87}, {"time": "2022-07-31 14:38:01", "temp": 46.7, "volt": 0.87}, {"time": "2022-07-31 14:39:01", "temp": 47.2, "volt": 0.87}, {"time": "2022-07-31 14:40:01", "temp": 47.2, "volt": 0.87}, {"time": "2022-07-31 14:41:02", "temp": 47.7, "volt": 0.87}, {"time": "2022-07-31 14:42:01", "temp": 47.2, "volt": 0.87}, {"time": "2022-07-31 14:43:01", "temp": 47.2, "volt": 0.87}, {"time": "2022-07-31 14:44:01", "temp": 46.7, "volt": 0.87}, {"time": "2022-07-31 14:45:01", "temp": 46.7, "volt": 0.87}, {"time": "2022-07-31 14:46:01", "temp": 47.7, "volt": 0.87}, {"time": "2022-07-31 14:47:01", "temp": 46.2, "volt": 0.87}, {"time": "2022-07-31 14:48:01", "temp": 47.2, "volt": 0.87}, {"time": "2022-07-31 14:49:01", "temp": 46.7, "volt": 0.87}, {"time": "2022-07-31 14:50:02", "temp": 47.7, "volt": 0.87}, {"time": "2022-07-31 14:51:01", "temp": 47.2, "volt": 0.87}, {"time": "2022-07-31 14:52:01", "temp": 46.7, "volt": 0.87}, {"time": "2022-07-31 14:53:01", "temp": 47.2, "volt": 0.87}, {"time": "2022-07-31 14:54:01", "temp": 46.2, "volt": 0.87}, {"time": "2022-07-31 14:55:01", "temp": 47.2, "volt": 0.87}, {"time": "2022-07-31 14:56:01", "temp": 46.7, "volt": 0.87}, {"time": "2022-07-31 14:57:01", "temp": 47.2, "volt": 0.87}, {"time": "2022-07-31 14:58:01", "temp": 48.7, "volt": 0.87}, {"time": "2022-07-31 14:59:02", "temp": 47.2, "volt": 0.87}, {"time": "2022-07-31 15:00:01", "temp": 47.7, "volt": 0.87}, {"time": "2022-07-31 15:01:01", "temp": 47.2, "volt": 0.87}, {"time": "2022-07-31 15:02:01", "temp": 46.7, "volt": 0.87}, {"time": "2022-07-31 15:03:01", "temp": 47.7, "volt": 0.87}, {"time": "2022-07-31 15:04:02", "temp": 46.2, "volt": 0.87}, {"time": "2022-07-31 15:05:01", "temp": 46.7, "volt": 0.87}, {"time": "2022-07-31 15:06:01", "temp": 46.7, "volt": 0.87}, {"time": "2022-07-31 15:07:01", "temp": 46.2, "volt": 0.87}, {"time": "2022-07-31 15:08:01", "temp": 46.2, "volt": 0.87}, {"time": "2022-07-31 15:09:01", "temp": 47.2, "volt": 0.87}, {"time": "2022-07-31 15:10:01", "temp": 46.7, "volt": 0.87}, {"time": "2022-07-31 15:11:01", "temp": 46.7, "volt": 0.87}, {"time": "2022-07-31 15:12:01", "temp": 46.7, "volt": 0.87}, {"time": "2022-07-31 15:13:02", "temp": 46.7, "volt": 0.87}, {"time": "2022-07-31 15:14:01", "temp": 46.7, "volt": 0.87}, {"time": "2022-07-31 15:15:01", "temp": 47.2, "volt": 0.87}, {"time": "2022-07-31 15:16:01", "temp": 46.7, "volt": 0.87}, {"time": "2022-07-31 15:17:01", "temp": 46.7, "volt": 0.87}, {"time": "2022-07-31 15:18:02", "temp": 47.2, "volt": 0.87}, {"time": "2022-07-31 15:19:01", "temp": 47.2, "volt": 0.87}, {"time": "2022-07-31 15:20:01", "temp": 47.2, "volt": 0.87}, {"time": "2022-07-31 15:21:01", "temp": 47.7, "volt": 0.87}, {"time": "2022-07-31 15:22:02", "temp": 46.2, "volt": 0.87}, {"time": "2022-07-31 15:23:01", "temp": 46.7, "volt": 0.87}, {"time": "2022-07-31 15:24:01", "temp": 47.2, "volt": 0.87}, {"time": "2022-07-31 15:25:01", "temp": 48.2, "volt": 0.87}, {"time": "2022-07-31 15:26:01", "temp": 47.2, "volt": 0.87}, {"time": "2022-07-31 15:27:02", "temp": 46.7, "volt": 0.87}, {"time": "2022-07-31 15:28:01", "temp": 48.2, "volt": 0.87}, {"time": "2022-07-31 15:29:01", "temp": 47.2, "volt": 0.87}, {"time": "2022-07-31 15:30:01", "temp": 47.7, "volt": 0.87}, {"time": "2022-07-31 15:31:01", "temp": 47.7, "volt": 0.87}, {"time": "2022-07-31 15:32:01", "temp": 47.7, "volt": 0.87}, {"time": "2022-07-31 15:33:01", "temp": 48.2, "volt": 0.87}, {"time": "2022-07-31 15:34:01", "temp": 47.2, "volt": 0.87}, {"time": "2022-07-31 15:35:01", "temp": 46.7, "volt": 0.87}, {"time": "2022-07-31 15:36:02", "temp": 47.2, "volt": 0.87}, {"time": "2022-07-31 15:37:01", "temp": 46.2, "volt": 0.87}, {"time": "2022-07-31 15:38:01", "temp": 46.2, "volt": 0.87}, {"time": "2022-07-31 15:39:01", "temp": 48.2, "volt": 0.87}, {"time": "2022-07-31 15:40:01", "temp": 47.2, "volt": 0.87}, {"time": "2022-07-31 15:41:02", "temp": 47.2, "volt": 0.87}, {"time": "2022-07-31 15:42:01", "temp": 47.2, "volt": 0.87}, {"time": "2022-07-31 15:43:01", "temp": 47.2, "volt": 0.87}, {"time": "2022-07-31 15:44:01", "temp": 47.2, "volt": 0.87}, {"time": "2022-07-31 15:45:02", "temp": 47.2, "volt": 0.87}, {"time": "2022-07-31 15:46:01", "temp": 47.2, "volt": 0.87}, {"time": "2022-07-31 15:47:01", "temp": 47.2, "volt": 0.87}, {"time": "2022-07-31 15:48:01", "temp": 47.2, "volt": 0.87}, {"time": "2022-07-31 15:49:01", "temp": 46.7, "volt": 0.87}, {"time": "2022-07-31 15:50:01", "temp": 46.7, "volt": 0.87}, {"time": "2022-07-31 15:51:01", "temp": 47.7, "volt": 0.87}, {"time": "2022-07-31 15:52:01", "temp": 46.2, "volt": 0.87}, {"time": "2022-07-31 15:53:01", "temp": 48.2, "volt": 0.87}, {"time": "2022-07-31 15:54:02", "temp": 47.2, "volt": 0.87}, {"time": "2022-07-31 15:55:01", "temp": 46.7, "volt": 0.87}, {"time": "2022-07-31 15:56:01", "temp": 46.7, "volt": 0.87}, {"time": "2022-07-31 15:57:01", "temp": 47.2, "volt": 0.87}, {"time": "2022-07-31 15:58:01", "temp": 46.7, "volt": 0.87}, {"time": "2022-07-31 15:59:01", "temp": 47.2, "volt": 0.87}, {"time": "2022-07-31 16:00:01", "temp": 47.7, "volt": 0.87}, {"time": "2022-07-31 16:01:01", "temp": 46.7, "volt": 0.87}, {"time": "2022-07-31 16:02:01", "temp": 47.2, "volt": 0.87}, {"time": "2022-07-31 16:03:02", "temp": 47.2, "volt": 0.87}, {"time": "2022-07-31 16:04:01", "temp": 47.2, "volt": 0.87}, {"time": "2022-07-31 16:05:01", "temp": 46.7, "volt": 0.87}, {"time": "2022-07-31 16:06:01", "temp": 47.2, "volt": 0.87}, {"time": "2022-07-31 16:07:01", "temp": 47.2, "volt": 0.87}, {"time": "2022-07-31 16:08:01", "temp": 48.2, "volt": 0.87}, {"time": "2022-07-31 16:09:01", "temp": 46.7, "volt": 0.87}, {"time": "2022-07-31 16:10:01", "temp": 47.7, "volt": 0.87}, {"time": "2022-07-31 16:11:01", "temp": 46.2, "volt": 0.87}, {"time": "2022-07-31 16:12:02", "temp": 47.7, "volt": 0.87}, {"time": "2022-07-31 16:13:01", "temp": 47.7, "volt": 0.87}, {"time": "2022-07-31 16:14:01", "temp": 47.7, "volt": 0.87}, {"time": "2022-07-31 16:15:01", "temp": 47.7, "volt": 0.87}, {"time": "2022-07-31 16:16:01", "temp": 46.2, "volt": 0.87}, {"time": "2022-07-31 16:17:01", "temp": 46.2, "volt": 0.87}, {"time": "2022-07-31 16:18:01", "temp": 47.7, "volt": 0.87}, {"time": "2022-07-31 16:19:01", "temp": 48.2, "volt": 0.87}, {"time": "2022-07-31 16:20:01", "temp": 47.2, "volt": 0.87}, {"time": "2022-07-31 16:21:02", "temp": 48.2, "volt": 0.87}, {"time": "2022-07-31 16:22:01", "temp": 47.7, "volt": 0.87}, {"time": "2022-07-31 16:23:01", "temp": 48.2, "volt": 0.87}, {"time": "2022-07-31 16:24:01", "temp": 47.7, "volt": 0.87}, {"time": "2022-07-31 16:25:01", "temp": 47.2, "volt": 0.87}, {"time": "2022-07-31 16:26:01", "temp": 46.7, "volt": 0.87}, {"time": "2022-07-31 16:27:01", "temp": 47.7, "volt": 0.87}, {"time": "2022-07-31 16:28:01", "temp": 47.2, "volt": 0.87}, {"time": "2022-07-31 16:29:01", "temp": 47.2, "volt": 0.87}, {"time": "2022-07-31 16:30:02", "temp": 47.7, "volt": 0.87}, {"time": "2022-07-31 16:31:01", "temp": 46.7, "volt": 0.87}, {"time": "2022-07-31 16:32:01", "temp": 47.2, "volt": 0.87}, {"time": "2022-07-31 16:33:01", "temp": 47.7, "volt": 0.87}, {"time": "2022-07-31 16:34:01", "temp": 47.2, "volt": 0.87}, {"time": "2022-07-31 16:35:01", "temp": 46.7, "volt": 0.87}, {"time": "2022-07-31 16:36:01", "temp": 47.7, "volt": 0.87}, {"time": "2022-07-31 16:37:01", "temp": 46.7, "volt": 0.87}, {"time": "2022-07-31 16:38:01", "temp": 47.2, "volt": 0.87}, {"time": "2022-07-31 16:39:02", "temp": 47.7, "volt": 0.87}, {"time": "2022-07-31 16:40:01", "temp": 47.2, "volt": 0.87}, {"time": "2022-07-31 16:41:01", "temp": 46.2, "volt": 0.87}, {"time": "2022-07-31 16:42:01", "temp": 46.7, "volt": 0.87}, {"time": "2022-07-31 16:43:01", "temp": 46.7, "volt": 0.87}, {"time": "2022-07-31 16:44:01", "temp": 47.2, "volt": 0.87}, {"time": "2022-07-31 16:45:01", "temp": 47.2, "volt": 0.87}, {"time": "2022-07-31 16:46:01", "temp": 46.7, "volt": 0.87}, {"time": "2022-07-31 16:47:01", "temp": 48.2, "volt": 0.87}, {"time": "2022-07-31 16:48:02", "temp": 47.7, "volt": 0.87}, {"time": "2022-07-31 16:49:01", "temp": 47.7, "volt": 0.87}, {"time": "2022-07-31 16:50:01", "temp": 48.2, "volt": 0.87}, {"time": "2022-07-31 16:51:01", "temp": 48.2, "volt": 0.87}, {"time": "2022-07-31 16:52:01", "temp": 47.7, "volt": 0.87}, {"time": "2022-07-31 16:53:01", "temp": 48.2, "volt": 0.87}, {"time": "2022-07-31 16:54:01", "temp": 46.7, "volt": 0.87}, {"time": "2022-07-31 16:55:01", "temp": 46.2, "volt": 0.87}, {"time": "2022-07-31 16:56:01", "temp": 48.2, "volt": 0.87}, {"time": "2022-07-31 16:57:02", "temp": 47.7, "volt": 0.87}, {"time": "2022-07-31 16:58:01", "temp": 47.2, "volt": 0.87}, {"time": "2022-07-31 16:59:01", "temp": 48.2, "volt": 0.87}, {"time": "2022-07-31 17:00:01", "temp": 46.7, "volt": 0.87}, {"time": "2022-07-31 17:01:02", "temp": 48.2, "volt": 0.87}, {"time": "2022-07-31 17:02:01", "temp": 47.2, "volt": 0.87}, {"time": "2022-07-31 17:03:01", "temp": 47.7, "volt": 0.87}, {"time": "2022-07-31 17:04:01", "temp": 47.7, "volt": 0.87}, {"time": "2022-07-31 17:05:01", "temp": 48.2, "volt": 0.87}, {"time": "2022-07-31 17:06:02", "temp": 47.7, "volt": 0.87}, {"time": "2022-07-31 17:07:01", "temp": 47.7, "volt": 0.87}, {"time": "2022-07-31 17:08:01", "temp": 47.7, "volt": 0.87}, {"time": "2022-07-31 17:09:01", "temp": 46.7, "volt": 0.87}, {"time": "2022-07-31 17:10:01", "temp": 47.2, "volt": 0.87}, {"time": "2022-07-31 17:11:01", "temp": 47.2, "volt": 0.87}, {"time": "2022-07-31 17:12:01", "temp": 46.7, "volt": 0.87}, {"time": "2022-07-31 17:13:01", "temp": 45.7, "volt": 0.87}, {"time": "2022-07-31 17:14:01", "temp": 47.2, "volt": 0.87}, {"time": "2022-07-31 17:15:02", "temp": 47.7, "volt": 0.87}, {"time": "2022-07-31 17:16:01", "temp": 47.7, "volt": 0.87}, {"time": "2022-07-31 17:17:01", "temp": 47.2, "volt": 0.87}, {"time": "2022-07-31 17:18:01", "temp": 47.2, "volt": 0.87}, {"time": "2022-07-31 17:19:01", "temp": 46.2, "volt": 0.87}, {"time": "2022-07-31 17:20:02", "temp": 47.7, "volt": 0.87}, {"time": "2022-07-31 17:21:01", "temp": 46.7, "volt": 0.87}, {"time": "2022-07-31 17:22:01", "temp": 47.7, "volt": 0.87}, {"time": "2022-07-31 17:23:01", "temp": 47.2, "volt": 0.87}, {"time": "2022-07-31 17:24:02", "temp": 47.2, "volt": 0.87}, {"time": "2022-07-31 17:25:01", "temp": 47.7, "volt": 0.87}, {"time": "2022-07-31 17:26:01", "temp": 46.7, "volt": 0.87}, {"time": "2022-07-31 17:27:01", "temp": 47.2, "volt": 0.87}, {"time": "2022-07-31 17:28:01", "temp": 47.2, "volt": 0.87}, {"time": "2022-07-31 17:29:01", "temp": 47.7, "volt": 0.87}, {"time": "2022-07-31 17:30:01", "temp": 46.2, "volt": 0.87}, {"time": "2022-07-31 17:31:01", "temp": 48.2, "volt": 0.87}, {"time": "2022-07-31 17:32:01", "temp": 47.7, "volt": 0.87}, {"time": "2022-07-31 17:33:02", "temp": 47.2, "volt": 0.87}, {"time": "2022-07-31 17:34:01", "temp": 46.7, "volt": 0.87}, {"time": "2022-07-31 17:35:01", "temp": 47.7, "volt": 0.87}, {"time": "2022-07-31 17:36:01", "temp": 46.7, "volt": 0.87}, {"time": "2022-07-31 17:37:01", "temp": 47.7, "volt": 0.87}, {"time": "2022-07-31 17:38:01", "temp": 47.2, "volt": 0.87}, {"time": "2022-07-31 17:39:01", "temp": 47.2, "volt": 0.87}, {"time": "2022-07-31 17:40:01", "temp": 47.7, "volt": 0.87}, {"time": "2022-07-31 17:41:01", "temp": 46.7, "volt": 0.87}, {"time": "2022-07-31 17:42:02", "temp": 46.7, "volt": 0.87}, {"time": "2022-07-31 17:43:01", "temp": 46.2, "volt": 0.87}, {"time": "2022-07-31 17:44:01", "temp": 48.2, "volt": 0.87}, {"time": "2022-07-31 17:45:01", "temp": 48.2, "volt": 0.87}, {"time": "2022-07-31 17:46:01", "temp": 47.7, "volt": 0.87}, {"time": "2022-07-31 17:47:01", "temp": 46.7, "volt": 0.87}, {"time": "2022-07-31 17:48:01", "temp": 47.7, "volt": 0.87}, {"time": "2022-07-31 17:49:01", "temp": 46.2, "volt": 0.87}, {"time": "2022-07-31 17:50:01", "temp": 48.2, "volt": 0.87}, {"time": "2022-07-31 17:51:02", "temp": 47.2, "volt": 0.87}, {"time": "2022-07-31 17:52:01", "temp": 47.2, "volt": 0.87}, {"time": "2022-07-31 17:53:01", "temp": 46.7, "volt": 0.87}, {"time": "2022-07-31 17:54:01", "temp": 46.7, "volt": 0.87}, {"time": "2022-07-31 17:55:01", "temp": 46.7, "volt": 0.87}, {"time": "2022-07-31 17:56:01", "temp": 46.2, "volt": 0.87}, {"time": "2022-07-31 17:57:01", "temp": 46.7, "volt": 0.87}, {"time": "2022-07-31 17:58:01", "temp": 46.7, "volt": 0.87}, {"time": "2022-07-31 17:59:01", "temp": 47.7, "volt": 0.87}, {"time": "2022-07-31 18:00:02", "temp": 47.2, "volt": 0.87}, {"time": "2022-07-31 18:01:01", "temp": 47.2, "volt": 0.87}, {"time": "2022-07-31 18:02:01", "temp": 48.2, "volt": 0.87}, {"time": "2022-07-31 18:03:01", "temp": 48.2, "volt": 0.87}, {"time": "2022-07-31 18:04:01", "temp": 47.7, "volt": 0.87}, {"time": "2022-07-31 18:05:01", "temp": 47.2, "volt": 0.87}, {"time": "2022-07-31 18:06:01", "temp": 47.7, "volt": 0.87}, {"time": "2022-07-31 18:07:01", "temp": 47.7, "volt": 0.87}, {"time": "2022-07-31 18:08:01", "temp": 47.7, "volt": 0.87}, {"time": "2022-07-31 18:09:02", "temp": 47.2, "volt": 0.87}, {"time": "2022-07-31 18:10:01", "temp": 47.7, "volt": 0.87}, {"time": "2022-07-31 18:11:01", "temp": 48.2, "volt": 0.87}, {"time": "2022-07-31 18:12:01", "temp": 47.2, "volt": 0.87}, {"time": "2022-07-31 18:13:01", "temp": 46.7, "volt": 0.87}, {"time": "2022-07-31 18:14:01", "temp": 47.2, "volt": 0.87}, {"time": "2022-07-31 18:15:01", "temp": 48.2, "volt": 0.87}, {"time": "2022-07-31 18:16:01", "temp": 47.7, "volt": 0.87}, {"time": "2022-07-31 18:17:01", "temp": 47.7, "volt": 0.87}, {"time": "2022-07-31 18:18:02", "temp": 47.7, "volt": 0.87}, {"time": "2022-07-31 18:19:01", "temp": 47.7, "volt": 0.87}, {"time": "2022-07-31 18:20:01", "temp": 48.7, "volt": 0.87}, {"time": "2022-07-31 18:21:01", "temp": 47.2, "volt": 0.87}, {"time": "2022-07-31 18:22:01", "temp": 46.2, "volt": 0.87}, {"time": "2022-07-31 18:23:01", "temp": 48.2, "volt": 0.87}, {"time": "2022-07-31 18:24:01", "temp": 47.2, "volt": 0.87}, {"time": "2022-07-31 18:25:01", "temp": 47.7, "volt": 0.87}, {"time": "2022-07-31 18:26:01", "temp": 47.7, "volt": 0.87}, {"time": "2022-07-31 18:27:02", "temp": 47.2, "volt": 0.87}, {"time": "2022-07-31 18:28:01", "temp": 46.7, "volt": 0.87}, {"time": "2022-07-31 18:29:01", "temp": 47.2, "volt": 0.87}, {"time": "2022-07-31 18:30:01", "temp": 48.2, "volt": 0.87}, {"time": "2022-07-31 18:31:01", "temp": 46.7, "volt": 0.87}, {"time": "2022-07-31 18:32:01", "temp": 46.7, "volt": 0.87}, {"time": "2022-07-31 18:33:01", "temp": 48.2, "volt": 0.87}, {"time": "2022-07-31 18:34:01", "temp": 48.7, "volt": 0.87}, {"time": "2022-07-31 18:35:01", "temp": 48.2, "volt": 0.87}, {"time": "2022-07-31 18:36:02", "temp": 47.7, "volt": 0.87}, {"time": "2022-07-31 18:37:01", "temp": 47.2, "volt": 0.87}, {"time": "2022-07-31 18:38:01", "temp": 47.2, "volt": 0.87}, {"time": "2022-07-31 18:39:01", "temp": 46.7, "volt": 0.87}, {"time": "2022-07-31 18:40:01", "temp": 46.7, "volt": 0.87}, {"time": "2022-07-31 18:41:01", "temp": 47.7, "volt": 0.87}, {"time": "2022-07-31 18:42:01", "temp": 47.2, "volt": 0.87}, {"time": "2022-07-31 18:43:01", "temp": 46.7, "volt": 0.87}, {"time": "2022-07-31 18:44:01", "temp": 47.7, "volt": 0.87}, {"time": "2022-07-31 18:45:02", "temp": 46.2, "volt": 0.87}, {"time": "2022-07-31 18:46:01", "temp": 47.7, "volt": 0.87}, {"time": "2022-07-31 18:47:01", "temp": 47.7, "volt": 0.87}, {"time": "2022-07-31 18:48:01", "temp": 47.7, "volt": 0.87}, {"time": "2022-07-31 18:49:01", "temp": 46.7, "volt": 0.87}, {"time": "2022-07-31 18:50:01", "temp": 48.2, "volt": 0.87}, {"time": "2022-07-31 18:51:01", "temp": 47.2, "volt": 0.87}, {"time": "2022-07-31 18:52:01", "temp": 47.7, "volt": 0.87}, {"time": "2022-07-31 18:53:01", "temp": 46.7, "volt": 0.87}, {"time": "2022-07-31 18:54:02", "temp": 47.2, "volt": 0.87}, {"time": "2022-07-31 18:55:01", "temp": 47.7, "volt": 0.87}, {"time": "2022-07-31 18:56:01", "temp": 47.7, "volt": 0.87}, {"time": "2022-07-31 18:57:01", "temp": 47.7, "volt": 0.87}, {"time": "2022-07-31 18:58:01", "temp": 46.7, "volt": 0.87}, {"time": "2022-07-31 18:59:01", "temp": 47.7, "volt": 0.87}, {"time": "2022-07-31 19:00:01", "temp": 47.2, "volt": 0.87}, {"time": "2022-07-31 19:01:01", "temp": 47.2, "volt": 0.87}, {"time": "2022-07-31 19:02:01", "temp": 47.2, "volt": 0.87}, {"time": "2022-07-31 19:03:02", "temp": 47.7, "volt": 0.87}, {"time": "2022-07-31 19:04:01", "temp": 48.2, "volt": 0.87}, {"time": "2022-07-31 19:05:01", "temp": 47.2, "volt": 0.87}, {"time": "2022-07-31 19:06:01", "temp": 47.2, "volt": 0.87}, {"time": "2022-07-31 19:07:02", "temp": 46.7, "volt": 0.87}, {"time": "2022-07-31 19:08:01", "temp": 46.7, "volt": 0.87}, {"time": "2022-07-31 19:09:01", "temp": 47.7, "volt": 0.87}, {"time": "2022-07-31 19:10:01", "temp": 46.7, "volt": 0.87}, {"time": "2022-07-31 19:11:01", "temp": 47.2, "volt": 0.87}, {"time": "2022-07-31 19:12:01", "temp": 48.2, "volt": 0.87}, {"time": "2022-07-31 19:13:01", "temp": 48.2, "volt": 0.87}, {"time": "2022-07-31 19:14:01", "temp": 48.2, "volt": 0.87}, {"time": "2022-07-31 19:15:01", "temp": 48.7, "volt": 0.87}, {"time": "2022-07-31 19:16:02", "temp": 47.2, "volt": 0.87}, {"time": "2022-07-31 19:17:01", "temp": 46.7, "volt": 0.87}, {"time": "2022-07-31 19:18:01", "temp": 46.7, "volt": 0.87}, {"time": "2022-07-31 19:19:01", "temp": 47.7, "volt": 0.87}, {"time": "2022-07-31 19:20:01", "temp": 47.7, "volt": 0.87}, {"time": "2022-07-31 19:21:01", "temp": 48.2, "volt": 0.87}, {"time": "2022-07-31 19:22:01", "temp": 47.7, "volt": 0.87}, {"time": "2022-07-31 19:23:01", "temp": 47.2, "volt": 0.87}, {"time": "2022-07-31 19:24:01", "temp": 47.7, "volt": 0.87}, {"time": "2022-07-31 19:25:02", "temp": 47.2, "volt": 0.87}, {"time": "2022-07-31 19:26:01", "temp": 46.7, "volt": 0.87}, {"time": "2022-07-31 19:27:01", "temp": 48.2, "volt": 0.87}, {"time": "2022-07-31 19:28:01", "temp": 47.2, "volt": 0.87}, {"time": "2022-07-31 19:29:02", "temp": 47.2, "volt": 0.87}, {"time": "2022-07-31 19:30:01", "temp": 47.7, "volt": 0.87}, {"time": "2022-07-31 19:31:01", "temp": 47.7, "volt": 0.87}, {"time": "2022-07-31 19:32:01", "temp": 48.7, "volt": 0.87}, {"time": "2022-07-31 19:33:01", "temp": 48.2, "volt": 0.87}, {"time": "2022-07-31 19:34:01", "temp": 46.7, "volt": 0.87}, {"time": "2022-07-31 19:35:01", "temp": 47.7, "volt": 0.87}, {"time": "2022-07-31 19:36:01", "temp": 47.2, "volt": 0.87}, {"time": "2022-07-31 19:37:01", "temp": 48.7, "volt": 0.87}, {"time": "2022-07-31 19:38:02", "temp": 46.7, "volt": 0.87}, {"time": "2022-07-31 19:39:01", "temp": 48.7, "volt": 0.87}, {"time": "2022-07-31 19:40:01", "temp": 47.2, "volt": 0.87}, {"time": "2022-07-31 19:41:01", "temp": 47.7, "volt": 0.87}, {"time": "2022-07-31 19:42:02", "temp": 47.7, "volt": 0.87}, {"time": "2022-07-31 19:43:01", "temp": 47.7, "volt": 0.87}, {"time": "2022-07-31 19:44:01", "temp": 46.7, "volt": 0.87}, {"time": "2022-07-31 19:45:01", "temp": 46.7, "volt": 0.87}, {"time": "2022-07-31 19:46:01", "temp": 47.2, "volt": 0.87}, {"time": "2022-07-31 19:47:02", "temp": 47.7, "volt": 0.87}, {"time": "2022-07-31 19:48:01", "temp": 47.7, "volt": 0.87}, {"time": "2022-07-31 19:49:01", "temp": 47.7, "volt": 0.87}, {"time": "2022-07-31 19:50:01", "temp": 47.7, "volt": 0.87}, {"time": "2022-07-31 19:51:02", "temp": 48.2, "volt": 0.87}, {"time": "2022-07-31 19:52:01", "temp": 47.7, "volt": 0.87}, {"time": "2022-07-31 19:53:01", "temp": 47.7, "volt": 0.87}, {"time": "2022-07-31 19:54:01", "temp": 48.2, "volt": 0.87}, {"time": "2022-07-31 19:55:01", "temp": 47.7, "volt": 0.87}, {"time": "2022-07-31 19:56:02", "temp": 47.2, "volt": 0.87}, {"time": "2022-07-31 19:57:01", "temp": 47.7, "volt": 0.87}, {"time": "2022-07-31 19:58:01", "temp": 47.2, "volt": 0.87}, {"time": "2022-07-31 19:59:01", "temp": 47.2, "volt": 0.87}, {"time": "2022-07-31 20:00:02", "temp": 48.7, "volt": 0.87}, {"time": "2022-07-31 20:01:01", "temp": 47.2, "volt": 0.87}, {"time": "2022-07-31 20:02:01", "temp": 47.2, "volt": 0.87}, {"time": "2022-07-31 20:03:01", "temp": 47.7, "volt": 0.87}, {"time": "2022-07-31 20:04:01", "temp": 47.2, "volt": 0.87}, {"time": "2022-07-31 20:05:01", "temp": 47.7, "volt": 0.87}, {"time": "2022-07-31 20:06:01", "temp": 47.7, "volt": 0.87}, {"time": "2022-07-31 20:07:01", "temp": 46.7, "volt": 0.87}, {"time": "2022-07-31 20:08:01", "temp": 47.7, "volt": 0.87}, {"time": "2022-07-31 20:09:02", "temp": 48.2, "volt": 0.87}, {"time": "2022-07-31 20:10:01", "temp": 47.7, "volt": 0.87}, {"time": "2022-07-31 20:11:01", "temp": 46.7, "volt": 0.87}, {"time": "2022-07-31 20:12:01", "temp": 47.2, "volt": 0.87}, {"time": "2022-07-31 20:13:02", "temp": 47.2, "volt": 0.87}, {"time": "2022-07-31 20:14:01", "temp": 48.2, "volt": 0.87}, {"time": "2022-07-31 20:15:01", "temp": 47.2, "volt": 0.87}, {"time": "2022-07-31 20:16:01", "temp": 47.2, "volt": 0.87}, {"time": "2022-07-31 20:17:01", "temp": 47.7, "volt": 0.87}, {"time": "2022-07-31 20:18:02", "temp": 47.2, "volt": 0.87}, {"time": "2022-07-31 20:19:01", "temp": 47.7, "volt": 0.87}, {"time": "2022-07-31 20:20:01", "temp": 46.7, "volt": 0.87}, {"time": "2022-07-31 20:21:01", "temp": 47.2, "volt": 0.87}, {"time": "2022-07-31 20:22:02", "temp": 47.2, "volt": 0.87}, {"time": "2022-07-31 20:23:01", "temp": 47.7, "volt": 0.87}, {"time": "2022-07-31 20:24:01", "temp": 46.7, "volt": 0.87}, {"time": "2022-07-31 20:25:01", "temp": 47.7, "volt": 0.87}, {"time": "2022-07-31 20:26:01", "temp": 47.2, "volt": 0.87}, {"time": "2022-07-31 20:27:01", "temp": 48.2, "volt": 0.87}, {"time": "2022-07-31 20:28:01", "temp": 47.2, "volt": 0.87}, {"time": "2022-07-31 20:29:01", "temp": 48.2, "volt": 0.87}, {"time": "2022-07-31 20:30:01", "temp": 46.7, "volt": 0.87}, {"time": "2022-07-31 20:31:02", "temp": 48.2, "volt": 0.87}, {"time": "2022-07-31 20:32:01", "temp": 48.2, "volt": 0.87}, {"time": "2022-07-31 20:33:01", "temp": 47.7, "volt": 0.87}, {"time": "2022-07-31 20:34:01", "temp": 47.2, "volt": 0.87}, {"time": "2022-07-31 20:35:02", "temp": 47.2, "volt": 0.87}, {"time": "2022-07-31 20:36:01", "temp": 47.2, "volt": 0.87}, {"time": "2022-07-31 20:37:01", "temp": 47.7, "volt": 0.87}, {"time": "2022-07-31 20:38:01", "temp": 46.2, "volt": 0.87}, {"time": "2022-07-31 20:39:01", "temp": 47.2, "volt": 0.87}, {"time": "2022-07-31 20:40:02", "temp": 47.2, "volt": 0.87}, {"time": "2022-07-31 20:41:01", "temp": 47.2, "volt": 0.87}, {"time": "2022-07-31 20:42:01", "temp": 47.7, "volt": 0.87}, {"time": "2022-07-31 20:43:01", "temp": 46.2, "volt": 0.87}, {"time": "2022-07-31 20:44:02", "temp": 47.2, "volt": 0.87}, {"time": "2022-07-31 20:45:01", "temp": 47.2, "volt": 0.87}, {"time": "2022-07-31 20:46:01", "temp": 48.2, "volt": 0.87}, {"time": "2022-07-31 20:47:01", "temp": 47.7, "volt": 0.87}, {"time": "2022-07-31 20:48:01", "temp": 47.2, "volt": 0.87}, {"time": "2022-07-31 20:49:01", "temp": 47.7, "volt": 0.87}, {"time": "2022-07-31 20:50:01", "temp": 46.2, "volt": 0.87}, {"time": "2022-07-31 20:51:01", "temp": 46.2, "volt": 0.87}, {"time": "2022-07-31 20:52:01", "temp": 47.7, "volt": 0.87}, {"time": "2022-07-31 20:53:02", "temp": 46.7, "volt": 0.87}, {"time": "2022-07-31 20:54:01", "temp": 47.2, "volt": 0.87}, {"time": "2022-07-31 20:55:01", "temp": 47.2, "volt": 0.87}, {"time": "2022-07-31 20:56:01", "temp": 48.7, "volt": 0.87}, {"time": "2022-07-31 20:57:02", "temp": 47.7, "volt": 0.87}, {"time": "2022-07-31 20:58:01", "temp": 46.2, "volt": 0.87}, {"time": "2022-07-31 20:59:01", "temp": 46.7, "volt": 0.87}, {"time": "2022-07-31 21:00:01", "temp": 46.2, "volt": 0.87}, {"time": "2022-07-31 21:01:02", "temp": 47.2, "volt": 0.87}, {"time": "2022-07-31 21:02:01", "temp": 47.2, "volt": 0.87}, {"time": "2022-07-31 21:03:01", "temp": 47.7, "volt": 0.87}, {"time": "2022-07-31 21:04:01", "temp": 46.7, "volt": 0.87}, {"time": "2022-07-31 21:05:01", "temp": 46.2, "volt": 0.87}, {"time": "2022-07-31 21:06:01", "temp": 47.7, "volt": 0.87}, {"time": "2022-07-31 21:07:01", "temp": 46.2, "volt": 0.87}, {"time": "2022-07-31 21:08:01", "temp": 47.7, "volt": 0.87}, {"time": "2022-07-31 21:09:01", "temp": 47.2, "volt": 0.87}, {"time": "2022-07-31 21:10:01", "temp": 46.7, "volt": 0.87}, {"time": "2022-07-31 21:11:01", "temp": 47.2, "volt": 0.87}, {"time": "2022-07-31 21:12:01", "temp": 46.7, "volt": 0.87}, {"time": "2022-07-31 21:13:01", "temp": 46.7, "volt": 0.87}, {"time": "2022-07-31 21:14:02", "temp": 48.2, "volt": 0.87}, {"time": "2022-07-31 21:15:01", "temp": 47.2, "volt": 0.87}, {"time": "2022-07-31 21:16:01", "temp": 47.7, "volt": 0.87}, {"time": "2022-07-31 21:17:01", "temp": 47.2, "volt": 0.87}, {"time": "2022-07-31 21:18:02", "temp": 47.7, "volt": 0.87}, {"time": "2022-07-31 21:19:01", "temp": 47.2, "volt": 0.87}, {"time": "2022-07-31 21:20:01", "temp": 48.2, "volt": 0.87}, {"time": "2022-07-31 21:21:01", "temp": 48.2, "volt": 0.87}, {"time": "2022-07-31 21:22:01", "temp": 47.7, "volt": 0.87}, {"time": "2022-07-31 21:23:01", "temp": 48.2, "volt": 0.87}, {"time": "2022-07-31 21:24:01", "temp": 46.7, "volt": 0.87}, {"time": "2022-07-31 21:25:01", "temp": 48.2, "volt": 0.87}, {"time": "2022-07-31 21:26:01", "temp": 48.2, "volt": 0.87}, {"time": "2022-07-31 21:27:02", "temp": 47.2, "volt": 0.87}, {"time": "2022-07-31 21:28:01", "temp": 48.2, "volt": 0.87}, {"time": "2022-07-31 21:29:01", "temp": 47.7, "volt": 0.87}, {"time": "2022-07-31 21:30:01", "temp": 48.2, "volt": 0.87}, {"time": "2022-07-31 21:31:02", "temp": 46.7, "volt": 0.87}, {"time": "2022-07-31 21:32:01", "temp": 46.2, "volt": 0.87}, {"time": "2022-07-31 21:33:01", "temp": 47.2, "volt": 0.87}, {"time": "2022-07-31 21:34:01", "temp": 46.7, "volt": 0.87}, {"time": "2022-07-31 21:35:01", "temp": 46.7, "volt": 0.87}, {"time": "2022-07-31 21:36:01", "temp": 47.7, "volt": 0.87}, {"time": "2022-07-31 21:37:01", "temp": 46.2, "volt": 0.87}, {"time": "2022-07-31 21:38:01", "temp": 46.2, "volt": 0.87}, {"time": "2022-07-31 21:39:01", "temp": 46.7, "volt": 0.87}, {"time": "2022-07-31 21:40:02", "temp": 47.7, "volt": 0.87}, {"time": "2022-07-31 21:41:01", "temp": 46.7, "volt": 0.87}, {"time": "2022-07-31 21:42:01", "temp": 47.7, "volt": 0.87}, {"time": "2022-07-31 21:43:01", "temp": 46.7, "volt": 0.87}, {"time": "2022-07-31 21:44:02", "temp": 47.2, "volt": 0.87}, {"time": "2022-07-31 21:45:01", "temp": 46.7, "volt": 0.87}, {"time": "2022-07-31 21:46:01", "temp": 46.2, "volt": 0.87}, {"time": "2022-07-31 21:47:01", "temp": 46.7, "volt": 0.87}, {"time": "2022-07-31 21:48:01", "temp": 46.7, "volt": 0.87}, {"time": "2022-07-31 21:49:01", "temp": 47.2, "volt": 0.87}, {"time": "2022-07-31 21:50:01", "temp": 48.2, "volt": 0.87}, {"time": "2022-07-31 21:51:01", "temp": 47.2, "volt": 0.87}, {"time": "2022-07-31 21:52:01", "temp": 47.7, "volt": 0.87}, {"time": "2022-07-31 21:53:02", "temp": 47.7, "volt": 0.87}, {"time": "2022-07-31 21:54:01", "temp": 46.7, "volt": 0.87}, {"time": "2022-07-31 21:55:01", "temp": 47.7, "volt": 0.87}, {"time": "2022-07-31 21:56:01", "temp": 46.2, "volt": 0.87}, {"time": "2022-07-31 21:57:02", "temp": 47.2, "volt": 0.87}, {"time": "2022-07-31 21:58:01", "temp": 48.2, "volt": 0.87}, {"time": "2022-07-31 21:59:01", "temp": 46.7, "volt": 0.87}, {"time": "2022-07-31 22:00:01", "temp": 46.7, "volt": 0.87}, {"time": "2022-07-31 22:01:01", "temp": 46.7, "volt": 0.87}, {"time": "2022-07-31 22:02:01", "temp": 47.2, "volt": 0.87}, {"time": "2022-07-31 22:03:01", "temp": 47.7, "volt": 0.87}, {"time": "2022-07-31 22:04:01", "temp": 46.2, "volt": 0.87}, {"time": "2022-07-31 22:05:01", "temp": 47.2, "volt": 0.87}, {"time": "2022-07-31 22:06:02", "temp": 46.7, "volt": 0.87}, {"time": "2022-07-31 22:07:01", "temp": 47.2, "volt": 0.87}, {"time": "2022-07-31 22:08:01", "temp": 46.7, "volt": 0.87}, {"time": "2022-07-31 22:09:01", "temp": 47.2, "volt": 0.87}, {"time": "2022-07-31 22:10:02", "temp": 47.7, "volt": 0.87}, {"time": "2022-07-31 22:11:01", "temp": 47.2, "volt": 0.87}, {"time": "2022-07-31 22:12:01", "temp": 48.7, "volt": 0.87}, {"time": "2022-07-31 22:13:01", "temp": 47.7, "volt": 0.87}, {"time": "2022-07-31 22:14:01", "temp": 46.7, "volt": 0.87}, {"time": "2022-07-31 22:15:01", "temp": 47.7, "volt": 0.87}, {"time": "2022-07-31 22:16:01", "temp": 47.7, "volt": 0.87}, {"time": "2022-07-31 22:17:01", "temp": 49.1, "volt": 0.87}, {"time": "2022-07-31 22:18:01", "temp": 47.7, "volt": 0.87}, {"time": "2022-07-31 22:19:02", "temp": 47.7, "volt": 0.87}, {"time": "2022-07-31 22:20:01", "temp": 47.2, "volt": 0.87}, {"time": "2022-07-31 22:21:01", "temp": 46.7, "volt": 0.87}, {"time": "2022-07-31 22:22:01", "temp": 47.2, "volt": 0.87}, {"time": "2022-07-31 22:23:02", "temp": 46.7, "volt": 0.87}, {"time": "2022-07-31 22:24:01", "temp": 46.7, "volt": 0.87}, {"time": "2022-07-31 22:25:01", "temp": 47.2, "volt": 0.87}, {"time": "2022-07-31 22:26:01", "temp": 47.7, "volt": 0.87}, {"time": "2022-07-31 22:27:02", "temp": 47.7, "volt": 0.87}, {"time": "2022-07-31 22:28:01", "temp": 47.7, "volt": 0.87}, {"time": "2022-07-31 22:29:01", "temp": 48.2, "volt": 0.87}, {"time": "2022-07-31 22:30:01", "temp": 47.7, "volt": 0.87}, {"time": "2022-07-31 22:31:02", "temp": 46.2, "volt": 0.87}, {"time": "2022-07-31 22:32:01", "temp": 46.7, "volt": 0.87}, {"time": "2022-07-31 22:33:01", "temp": 47.7, "volt": 0.87}, {"time": "2022-07-31 22:34:01", "temp": 47.7, "volt": 0.87}, {"time": "2022-07-31 22:35:01", "temp": 46.2, "volt": 0.87}, {"time": "2022-07-31 22:36:01", "temp": 47.2, "volt": 0.87}, {"time": "2022-07-31 22:37:01", "temp": 47.2, "volt": 0.87}, {"time": "2022-07-31 22:38:01", "temp": 47.2, "volt": 0.87}, {"time": "2022-07-31 22:39:01", "temp": 47.7, "volt": 0.87}, {"time": "2022-07-31 22:40:02", "temp": 47.2, "volt": 0.87}, {"time": "2022-07-31 22:41:01", "temp": 47.2, "volt": 0.87}, {"time": "2022-07-31 22:42:01", "temp": 46.7, "volt": 0.87}, {"time": "2022-07-31 22:43:01", "temp": 47.2, "volt": 0.87}, {"time": "2022-07-31 22:44:02", "temp": 48.2, "volt": 0.87}, {"time": "2022-07-31 22:45:01", "temp": 47.7, "volt": 0.87}, {"time": "2022-07-31 22:46:01", "temp": 46.7, "volt": 0.87}, {"time": "2022-07-31 22:47:01", "temp": 48.2, "volt": 0.87}, {"time": "2022-07-31 22:48:01", "temp": 48.2, "volt": 0.87}, {"time": "2022-07-31 22:49:01", "temp": 47.2, "volt": 0.87}, {"time": "2022-07-31 22:50:01", "temp": 46.7, "volt": 0.87}, {"time": "2022-07-31 22:51:01", "temp": 47.2, "volt": 0.87}, {"time": "2022-07-31 22:52:01", "temp": 47.2, "volt": 0.87}, {"time": "2022-07-31 22:53:01", "temp": 47.7, "volt": 0.87}, {"time": "2022-07-31 22:54:01", "temp": 46.2, "volt": 0.87}, {"time": "2022-07-31 22:55:01", "temp": 47.2, "volt": 0.87}, {"time": "2022-07-31 22:56:01", "temp": 46.7, "volt": 0.87}, {"time": "2022-07-31 22:57:02", "temp": 46.7, "volt": 0.87}, {"time": "2022-07-31 22:58:01", "temp": 46.7, "volt": 0.87}, {"time": "2022-07-31 22:59:01", "temp": 46.7, "volt": 0.87}, {"time": "2022-07-31 23:00:01", "temp": 46.7, "volt": 0.87}, {"time": "2022-07-31 23:01:02", "temp": 47.2, "volt": 0.87}, {"time": "2022-07-31 23:02:01", "temp": 48.2, "volt": 0.87}, {"time": "2022-07-31 23:03:01", "temp": 47.2, "volt": 0.87}, {"time": "2022-07-31 23:04:01", "temp": 46.2, "volt": 0.87}, {"time": "2022-07-31 23:05:01", "temp": 46.7, "volt": 0.87}, {"time": "2022-07-31 23:06:01", "temp": 46.7, "volt": 0.87}, {"time": "2022-07-31 23:07:01", "temp": 47.7, "volt": 0.87}, {"time": "2022-07-31 23:08:01", "temp": 46.7, "volt": 0.87}, {"time": "2022-07-31 23:09:01", "temp": 47.2, "volt": 0.87}, {"time": "2022-07-31 23:10:02", "temp": 46.7, "volt": 0.87}, {"time": "2022-07-31 23:11:01", "temp": 47.2, "volt": 0.87}, {"time": "2022-07-31 23:12:01", "temp": 46.7, "volt": 0.87}, {"time": "2022-07-31 23:13:01", "temp": 48.2, "volt": 0.87}, {"time": "2022-07-31 23:14:02", "temp": 47.2, "volt": 0.87}, {"time": "2022-07-31 23:15:01", "temp": 46.7, "volt": 0.87}, {"time": "2022-07-31 23:16:01", "temp": 46.2, "volt": 0.87}, {"time": "2022-07-31 23:17:01", "temp": 46.7, "volt": 0.87}, {"time": "2022-07-31 23:18:02", "temp": 47.7, "volt": 0.87}, {"time": "2022-07-31 23:19:01", "temp": 48.2, "volt": 0.87}, {"time": "2022-07-31 23:20:01", "temp": 48.2, "volt": 0.87}, {"time": "2022-07-31 23:21:01", "temp": 47.2, "volt": 0.87}, {"time": "2022-07-31 23:22:02", "temp": 47.7, "volt": 0.87}, {"time": "2022-07-31 23:23:01", "temp": 47.2, "volt": 0.87}, {"time": "2022-07-31 23:24:01", "temp": 48.2, "volt": 0.87}, {"time": "2022-07-31 23:25:01", "temp": 47.2, "volt": 0.87}, {"time": "2022-07-31 23:26:01", "temp": 47.7, "volt": 0.87}, {"time": "2022-07-31 23:27:01", "temp": 47.7, "volt": 0.87}, {"time": "2022-07-31 23:28:01", "temp": 47.7, "volt": 0.87}, {"time": "2022-07-31 23:29:01", "temp": 47.2, "volt": 0.87}, {"time": "2022-07-31 23:30:01", "temp": 48.2, "volt": 0.87}, {"time": "2022-07-31 23:31:02", "temp": 47.7, "volt": 0.87}, {"time": "2022-07-31 23:32:01", "temp": 47.2, "volt": 0.87}, {"time": "2022-07-31 23:33:01", "temp": 46.2, "volt": 0.87}, {"time": "2022-07-31 23:34:01", "temp": 47.2, "volt": 0.87}, {"time": "2022-07-31 23:35:02", "temp": 47.7, "volt": 0.87}, {"time": "2022-07-31 23:36:01", "temp": 47.2, "volt": 0.87}, {"time": "2022-07-31 23:37:01", "temp": 46.2, "volt": 0.87}, {"time": "2022-07-31 23:38:01", "temp": 47.2, "volt": 0.87}, {"time": "2022-07-31 23:39:02", "temp": 48.2, "volt": 0.87}, {"time": "2022-07-31 23:40:01", "temp": 47.7, "volt": 0.87}, {"time": "2022-07-31 23:41:01", "temp": 47.2, "volt": 0.87}, {"time": "2022-07-31 23:42:01", "temp": 47.7, "volt": 0.87}, {"time": "2022-07-31 23:43:01", "temp": 48.2, "volt": 0.87}, {"time": "2022-07-31 23:44:01", "temp": 47.2, "volt": 0.87}, {"time": "2022-07-31 23:45:01", "temp": 47.2, "volt": 0.87}, {"time": "2022-07-31 23:46:01", "temp": 45.7, "volt": 0.87}, {"time": "2022-07-31 23:47:01", "temp": 46.7, "volt": 0.87}, {"time": "2022-07-31 23:48:02", "temp": 47.2, "volt": 0.87}, {"time": "2022-07-31 23:49:01", "temp": 47.2, "volt": 0.87}, {"time": "2022-07-31 23:50:01", "temp": 47.2, "volt": 0.87}, {"time": "2022-07-31 23:51:01", "temp": 47.2, "volt": 0.87}, {"time": "2022-07-31 23:52:02", "temp": 47.7, "volt": 0.87}, {"time": "2022-07-31 23:53:01", "temp": 46.7, "volt": 0.87}, {"time": "2022-07-31 23:54:01", "temp": 47.2, "volt": 0.87}, {"time": "2022-07-31 23:55:01", "temp": 47.2, "volt": 0.87}, {"time": "2022-07-31 23:56:02", "temp": 47.7, "volt": 0.87}, {"time": "2022-07-31 23:57:01", "temp": 46.2, "volt": 0.87}, {"time": "2022-07-31 23:58:01", "temp": 46.7, "volt": 0.87}, {"time": "2022-07-31 23:59:01", "temp": 47.2, "volt": 0.87}]