[{"time": "2022/08/01 09:43:13", "temp": 27.0, "humi": 38.0}, {"time": "2022/08/01 09:43:23", "temp": 27.0, "humi": 38.0}, {"time": "2022/08/01 09:43:34", "temp": 27.0, "humi": 39.0}, {"time": "2022/08/01 09:43:47", "temp": 27.0, "humi": 38.0}, {"time": "2022/08/01 09:43:57", "temp": 27.0, "humi": 38.0}, {"time": "2022/08/01 09:44:08", "temp": 27.0, "humi": 39.0}, {"time": "2022/08/01 09:44:18", "temp": 28.0, "humi": 38.0}, {"time": "2022/08/01 09:44:29", "temp": 27.0, "humi": 40.0}, {"time": "2022/08/01 09:44:40", "temp": 27.0, "humi": 39.0}, {"time": "2022/08/01 09:44:52", "temp": 27.0, "humi": 38.0}, {"time": "2022/08/01 09:45:03", "temp": 27.0, "humi": 38.0}, {"time": "2022/08/01 09:45:13", "temp": 27.0, "humi": 40.0}, {"time": "2022/08/01 09:45:25", "temp": 27.0, "humi": 38.0}, {"time": "2022/08/01 09:45:36", "temp": 27.0, "humi": 38.0}, {"time": "2022/08/01 09:45:49", "temp": 27.0, "humi": 38.0}, {"time": "2022/08/01 09:46:04", "temp": 27.0, "humi": 38.0}, {"time": "2022/08/01 09:46:14", "temp": 27.0, "humi": 38.0}, {"time": "2022/08/01 09:46:25", "temp": 27.0, "humi": 39.0}, {"time": "2022/08/01 09:46:36", "temp": 27.0, "humi": 38.0}, {"time": "2022/08/01 09:46:46", "temp": 27.0, "humi": 40.0}, {"time": "2022/08/01 09:46:58", "temp": 27.0, "humi": 38.0}, {"time": "2022/08/01 09:47:09", "temp": 27.0, "humi": 38.0}, {"time": "2022/08/01 09:47:19", "temp": 27.0, "humi": 40.0}, {"time": "2022/08/01 09:47:30", "temp": 27.0, "humi": 40.0}, {"time": "2022/08/01 09:47:41", "temp": 27.0, "humi": 38.0}, {"time": "2022/08/01 09:47:56", "temp": 27.0, "humi": 38.0}, {"time": "2022/08/01 09:48:09", "temp": 27.0, "humi": 38.0}, {"time": "2022/08/01 09:48:21", "temp": 27.0, "humi": 38.0}, {"time": "2022/08/01 09:48:31", "temp": 27.0, "humi": 38.0}, {"time": "2022/08/01 09:48:46", "temp": 27.0, "humi": 38.0}, {"time": "2022/08/01 09:48:57", "temp": 27.0, "humi": 38.0}, {"time": "2022/08/01 09:49:07", "temp": 27.0, "humi": 40.0}, {"time": "2022/08/01 09:49:17", "temp": 27.0, "humi": 39.0}, {"time": "2022/08/01 09:49:29", "temp": 27.0, "humi": 38.0}, {"time": "2022/08/01 09:49:42", "temp": 27.0, "humi": 38.0}, {"time": "2022/08/01 09:49:55", "temp": 27.0, "humi": 38.0}, {"time": "2022/08/01 09:50:08", "temp": 27.0, "humi": 38.0}, {"time": "2022/08/01 09:50:18", "temp": 27.0, "humi": 38.0}, {"time": "2022/08/01 09:50:32", "temp": 27.0, "humi": 38.0}, {"time": "2022/08/01 09:50:42", "temp": 27.0, "humi": 38.0}, {"time": "2022/08/01 09:50:52", "temp": 27.0, "humi": 39.0}, {"time": "2022/08/01 09:51:08", "temp": 27.0, "humi": 38.0}, {"time": "2022/08/01 09:51:20", "temp": 27.0, "humi": 38.0}, {"time": "2022/08/01 09:51:33", "temp": 27.0, "humi": 39.0}, {"time": "2022/08/01 09:51:45", "temp": 27.0, "humi": 38.0}, {"time": "2022/08/01 09:51:58", "temp": 27.0, "humi": 38.0}, {"time": "2022/08/01 09:52:09", "temp": 27.0, "humi": 40.0}, {"time": "2022/08/01 09:52:19", "temp": 27.0, "humi": 40.0}, {"time": "2022/08/01 09:52:31", "temp": 27.0, "humi": 39.0}, {"time": "2022/08/01 09:52:41", "temp": 27.0, "humi": 38.0}, {"time": "2022/08/01 09:52:52", "temp": 27.0, "humi": 40.0}, {"time": "2022/08/01 09:53:03", "temp": 27.0, "humi": 38.0}, {"time": "2022/08/01 09:53:13", "temp": 27.0, "humi": 40.0}, {"time": "2022/08/01 09:53:24", "temp": 27.0, "humi": 39.0}, {"time": "2022/08/01 09:53:34", "temp": 27.0, "humi": 40.0}, {"time": "2022/08/01 09:53:47", "temp": 27.0, "humi": 38.0}, {"time": "2022/08/01 09:53:58", "temp": 27.0, "humi": 38.0}, {"time": "2022/08/01 09:54:09", "temp": 27.0, "humi": 39.0}, {"time": "2022/08/01 09:54:21", "temp": 27.0, "humi": 38.0}, {"time": "2022/08/01 09:54:31", "temp": 27.0, "humi": 38.0}, {"time": "2022/08/01 09:54:43", "temp": 27.0, "humi": 39.0}, {"time": "2022/08/01 09:54:55", "temp": 27.0, "humi": 38.0}, {"time": "2022/08/01 09:55:06", "temp": 27.0, "humi": 37.0}, {"time": "2022/08/01 09:55:17", "temp": 27.0, "humi": 39.0}, {"time": "2022/08/01 09:55:28", "temp": 27.0, "humi": 38.0}, {"time": "2022/08/01 09:55:40", "temp": 27.0, "humi": 38.0}, {"time": "2022/08/01 09:55:50", "temp": 27.0, "humi": 38.0}, {"time": "2022/08/01 09:56:01", "temp": 27.0, "humi": 39.0}, {"time": "2022/08/01 09:56:13", "temp": 27.0, "humi": 38.0}, {"time": "2022/08/01 09:56:26", "temp": 27.0, "humi": 38.0}, {"time": "2022/08/01 09:56:37", "temp": 26.0, "humi": 40.0}, {"time": "2022/08/01 09:56:48", "temp": 27.0, "humi": 41.0}, {"time": "2022/08/01 09:56:59", "temp": 27.0, "humi": 41.0}, {"time": "2022/08/01 09:57:11", "temp": 27.0, "humi": 38.0}, {"time": "2022/08/01 09:57:21", "temp": 27.0, "humi": 38.0}, {"time": "2022/08/01 09:57:31", "temp": 27.0, "humi": 39.0}, {"time": "2022/08/01 09:57:42", "temp": 26.0, "humi": 40.0}, {"time": "2022/08/01 09:57:52", "temp": 26.0, "humi": 40.0}, {"time": "2022/08/01 09:58:03", "temp": 26.0, "humi": 40.0}, {"time": "2022/08/01 09:58:17", "temp": 26.0, "humi": 39.0}, {"time": "2022/08/01 09:58:28", "temp": 26.0, "humi": 40.0}, {"time": "2022/08/01 09:58:39", "temp": 26.0, "humi": 39.0}, {"time": "2022/08/01 09:58:49", "temp": 26.0, "humi": 40.0}, {"time": "2022/08/01 09:59:01", "temp": 26.0, "humi": 40.0}, {"time": "2022/08/01 09:59:13", "temp": 26.0, "humi": 39.0}, {"time": "2022/08/01 09:59:27", "temp": 26.0, "humi": 39.0}, {"time": "2022/08/01 09:59:37", "temp": 26.0, "humi": 39.0}, {"time": "2022/08/01 09:59:48", "temp": 26.0, "humi": 41.0}, {"time": "2022/08/01 09:59:58", "temp": 26.0, "humi": 41.0}, {"time": "2022/08/01 10:00:09", "temp": 26.0, "humi": 41.0}, {"time": "2022/08/01 10:00:20", "temp": 26.0, "humi": 39.0}, {"time": "2022/08/01 10:00:35", "temp": 26.0, "humi": 42.0}, {"time": "2022/08/01 10:00:47", "temp": 26.0, "humi": 41.0}, {"time": "2022/08/01 10:00:58", "temp": 26.0, "humi": 41.0}, {"time": "2022/08/01 10:01:10", "temp": 26.0, "humi": 40.0}, {"time": "2022/08/01 10:01:26", "temp": 26.0, "humi": 40.0}, {"time": "2022/08/01 10:01:36", "temp": 26.0, "humi": 40.0}, {"time": "2022/08/01 10:01:49", "temp": 26.0, "humi": 41.0}, {"time": "2022/08/01 10:02:00", "temp": 26.0, "humi": 41.0}, {"time": "2022/08/01 10:02:11", "temp": 26.0, "humi": 40.0}, {"time": "2022/08/01 10:02:21", "temp": 26.0, "humi": 41.0}, {"time": "2022/08/01 10:02:32", "temp": 26.0, "humi": 41.0}, {"time": "2022/08/01 10:02:42", "temp": 26.0, "humi": 41.0}, {"time": "2022/08/01 10:02:53", "temp": 26.0, "humi": 41.0}, {"time": "2022/08/01 10:04:07", "temp": 26.0, "humi": 41.0}, {"time": "2022/08/01 10:04:19", "temp": 26.0, "humi": 40.0}, {"time": "2022/08/01 10:04:31", "temp": 26.0, "humi": 42.0}, {"time": "2022/08/01 10:04:41", "temp": 26.0, "humi": 40.0}, {"time": "2022/08/01 10:04:53", "temp": 26.0, "humi": 40.0}, {"time": "2022/08/01 10:05:06", "temp": 26.0, "humi": 40.0}, {"time": "2022/08/01 10:05:16", "temp": 26.0, "humi": 40.0}, {"time": "2022/08/01 10:05:28", "temp": 26.0, "humi": 42.0}, {"time": "2022/08/01 10:05:38", "temp": 26.0, "humi": 40.0}, {"time": "2022/08/01 10:05:48", "temp": 26.0, "humi": 42.0}, {"time": "2022/08/01 10:05:59", "temp": 26.0, "humi": 42.0}, {"time": "2022/08/01 10:06:10", "temp": 26.0, "humi": 42.0}, {"time": "2022/08/01 10:06:22", "temp": 26.0, "humi": 42.0}, {"time": "2022/08/01 10:06:32", "temp": 26.0, "humi": 41.0}, {"time": "2022/08/01 10:06:42", "temp": 26.0, "humi": 42.0}, {"time": "2022/08/01 10:06:53", "temp": 26.0, "humi": 42.0}, {"time": "2022/08/01 10:07:04", "temp": 26.0, "humi": 42.0}, {"time": "2022/08/01 10:07:15", "temp": 26.0, "humi": 41.0}, {"time": "2022/08/01 10:07:26", "temp": 26.0, "humi": 42.0}, {"time": "2022/08/01 10:07:36", "temp": 26.0, "humi": 41.0}, {"time": "2022/08/01 10:07:47", "temp": 26.0, "humi": 44.0}, {"time": "2022/08/01 10:07:58", "temp": 26.0, "humi": 42.0}, {"time": "2022/08/01 10:08:09", "temp": 26.0, "humi": 42.0}, {"time": "2022/08/01 10:08:20", "temp": 26.0, "humi": 42.0}, {"time": "2022/08/01 10:08:30", "temp": 26.0, "humi": 42.0}, {"time": "2022/08/01 10:08:41", "temp": 26.0, "humi": 42.0}, {"time": "2022/08/01 10:08:51", "temp": 26.0, "humi": 42.0}, {"time": "2022/08/01 10:09:01", "temp": 26.0, "humi": 42.0}, {"time": "2022/08/01 10:09:12", "temp": 26.0, "humi": 42.0}, {"time": "2022/08/01 10:09:25", "temp": 26.0, "humi": 40.0}, {"time": "2022/08/01 10:09:35", "temp": 26.0, "humi": 40.0}, {"time": "2022/08/01 10:09:48", "temp": 26.0, "humi": 41.0}, {"time": "2022/08/01 10:09:58", "temp": 26.0, "humi": 40.0}, {"time": "2022/08/01 10:10:09", "temp": 26.0, "humi": 42.0}, {"time": "2022/08/01 10:10:20", "temp": 26.0, "humi": 42.0}, {"time": "2022/08/01 10:10:31", "temp": 26.0, "humi": 41.0}, {"time": "2022/08/01 10:10:41", "temp": 26.0, "humi": 42.0}, {"time": "2022/08/01 10:10:55", "temp": 26.0, "humi": 40.0}, {"time": "2022/08/01 10:11:05", "temp": 26.0, "humi": 40.0}, {"time": "2022/08/01 10:11:15", "temp": 26.0, "humi": 42.0}, {"time": "2022/08/01 10:11:25", "temp": 26.0, "humi": 42.0}, {"time": "2022/08/01 10:11:36", "temp": 26.0, "humi": 42.0}, {"time": "2022/08/01 10:11:47", "temp": 26.0, "humi": 42.0}, {"time": "2022/08/01 10:11:57", "temp": 26.0, "humi": 41.0}, {"time": "2022/08/01 10:12:08", "temp": 26.0, "humi": 42.0}, {"time": "2022/08/01 10:12:18", "temp": 26.0, "humi": 44.0}, {"time": "2022/08/01 10:12:29", "temp": 26.0, "humi": 42.0}, {"time": "2022/08/01 10:12:40", "temp": 26.0, "humi": 42.0}, {"time": "2022/08/01 10:12:51", "temp": 26.0, "humi": 42.0}, {"time": "2022/08/01 10:13:01", "temp": 26.0, "humi": 41.0}, {"time": "2022/08/01 10:13:14", "temp": 26.0, "humi": 41.0}, {"time": "2022/08/01 10:13:26", "temp": 26.0, "humi": 41.0}, {"time": "2022/08/01 10:13:38", "temp": 26.0, "humi": 42.0}, {"time": "2022/08/01 10:13:50", "temp": 26.0, "humi": 41.0}, {"time": "2022/08/01 10:14:00", "temp": 26.0, "humi": 40.0}, {"time": "2022/08/01 10:14:13", "temp": 26.0, "humi": 40.0}, {"time": "2022/08/01 10:14:24", "temp": 26.0, "humi": 40.0}, {"time": "2022/08/01 10:14:34", "temp": 26.0, "humi": 42.0}, {"time": "2022/08/01 10:14:45", "temp": 26.0, "humi": 42.0}, {"time": "2022/08/01 10:14:55", "temp": 26.0, "humi": 42.0}, {"time": "2022/08/01 10:15:06", "temp": 26.0, "humi": 42.0}, {"time": "2022/08/01 10:15:16", "temp": 26.0, "humi": 42.0}, {"time": "2022/08/01 10:15:27", "temp": 26.0, "humi": 42.0}, {"time": "2022/08/01 10:15:37", "temp": 26.0, "humi": 42.0}, {"time": "2022/08/01 10:15:47", "temp": 26.0, "humi": 42.0}, {"time": "2022/08/01 10:15:58", "temp": 26.0, "humi": 42.0}, {"time": "2022/08/01 10:16:08", "temp": 26.0, "humi": 42.0}, {"time": "2022/08/01 10:16:18", "temp": 26.0, "humi": 42.0}, {"time": "2022/08/01 10:16:29", "temp": 26.0, "humi": 42.0}, {"time": "2022/08/01 10:16:40", "temp": 26.0, "humi": 42.0}, {"time": "2022/08/01 10:16:50", "temp": 26.0, "humi": 42.0}, {"time": "2022/08/01 10:17:01", "temp": 26.0, "humi": 42.0}, {"time": "2022/08/01 10:17:13", "temp": 26.0, "humi": 40.0}, {"time": "2022/08/01 10:17:24", "temp": 26.0, "humi": 40.0}, {"time": "2022/08/01 10:17:36", "temp": 26.0, "humi": 41.0}, {"time": "2022/08/01 10:17:49", "temp": 26.0, "humi": 40.0}, {"time": "2022/08/01 10:18:00", "temp": 26.0, "humi": 40.0}, {"time": "2022/08/01 10:18:10", "temp": 26.0, "humi": 42.0}, {"time": "2022/08/01 10:18:21", "temp": 26.0, "humi": 42.0}, {"time": "2022/08/01 10:18:32", "temp": 26.0, "humi": 41.0}, {"time": "2022/08/01 10:18:45", "temp": 26.0, "humi": 40.0}, {"time": "2022/08/01 10:18:55", "temp": 26.0, "humi": 40.0}, {"time": "2022/08/01 10:19:06", "temp": 26.0, "humi": 42.0}, {"time": "2022/08/01 10:19:17", "temp": 26.0, "humi": 41.0}, {"time": "2022/08/01 10:19:28", "temp": 26.0, "humi": 40.0}, {"time": "2022/08/01 10:19:38", "temp": 26.0, "humi": 42.0}, {"time": "2022/08/01 10:19:49", "temp": 26.0, "humi": 41.0}, {"time": "2022/08/01 10:20:00", "temp": 26.0, "humi": 41.0}, {"time": "2022/08/01 10:20:11", "temp": 26.0, "humi": 40.0}, {"time": "2022/08/01 10:20:21", "temp": 26.0, "humi": 41.0}, {"time": "2022/08/01 10:20:31", "temp": 26.0, "humi": 41.0}, {"time": "2022/08/01 10:20:41", "temp": 26.0, "humi": 44.0}, {"time": "2022/08/01 10:20:53", "temp": 26.0, "humi": 41.0}, {"time": "2022/08/01 10:21:04", "temp": 26.0, "humi": 41.0}, {"time": "2022/08/01 10:21:14", "temp": 26.0, "humi": 40.0}, {"time": "2022/08/01 10:21:26", "temp": 26.0, "humi": 41.0}, {"time": "2022/08/01 10:21:37", "temp": 26.0, "humi": 40.0}, {"time": "2022/08/01 10:21:47", "temp": 26.0, "humi": 41.0}, {"time": "2022/08/01 10:21:57", "temp": 26.0, "humi": 41.0}, {"time": "2022/08/01 10:22:07", "temp": 26.0, "humi": 42.0}, {"time": "2022/08/01 10:22:19", "temp": 26.0, "humi": 41.0}, {"time": "2022/08/01 10:22:31", "temp": 26.0, "humi": 41.0}, {"time": "2022/08/01 10:22:41", "temp": 26.0, "humi": 40.0}, {"time": "2022/08/01 10:22:51", "temp": 26.0, "humi": 42.0}, {"time": "2022/08/01 10:23:02", "temp": 26.0, "humi": 42.0}, {"time": "2022/08/01 10:23:13", "temp": 26.0, "humi": 42.0}, {"time": "2022/08/01 10:23:23", "temp": 26.0, "humi": 42.0}, {"time": "2022/08/01 10:23:34", "temp": 26.0, "humi": 44.0}, {"time": "2022/08/01 10:23:44", "temp": 26.0, "humi": 42.0}, {"time": "2022/08/01 10:23:57", "temp": 26.0, "humi": 41.0}, {"time": "2022/08/01 10:24:37", "temp": 26.0, "humi": 41.0}, {"time": "2022/08/01 10:24:48", "temp": 26.0, "humi": 42.0}, {"time": "2022/08/01 10:24:59", "temp": 26.0, "humi": 41.0}, {"time": "2022/08/01 10:25:11", "temp": 26.0, "humi": 41.0}, {"time": "2022/08/01 10:25:21", "temp": 26.0, "humi": 41.0}, {"time": "2022/08/01 10:25:32", "temp": 26.0, "humi": 42.0}, {"time": "2022/08/01 10:25:43", "temp": 26.0, "humi": 42.0}, {"time": "2022/08/01 10:25:53", "temp": 26.0, "humi": 42.0}, {"time": "2022/08/01 10:26:03", "temp": 27.0, "humi": 41.0}, {"time": "2022/08/01 10:26:13", "temp": 27.0, "humi": 43.0}, {"time": "2022/08/01 10:26:24", "temp": 27.0, "humi": 41.0}, {"time": "2022/08/01 10:26:37", "temp": 27.0, "humi": 40.0}, {"time": "2022/08/01 10:26:47", "temp": 27.0, "humi": 40.0}, {"time": "2022/08/01 10:26:58", "temp": 27.0, "humi": 41.0}, {"time": "2022/08/01 10:27:09", "temp": 27.0, "humi": 40.0}, {"time": "2022/08/01 10:27:20", "temp": 27.0, "humi": 41.0}, {"time": "2022/08/01 10:27:31", "temp": 27.0, "humi": 41.0}, {"time": "2022/08/01 10:27:41", "temp": 27.0, "humi": 40.0}, {"time": "2022/08/01 10:27:52", "temp": 27.0, "humi": 41.0}, {"time": "2022/08/01 10:28:04", "temp": 27.0, "humi": 41.0}, {"time": "2022/08/01 10:28:15", "temp": 27.0, "humi": 40.0}, {"time": "2022/08/01 10:28:25", "temp": 27.0, "humi": 43.0}, {"time": "2022/08/01 10:28:36", "temp": 27.0, "humi": 41.0}, {"time": "2022/08/01 10:28:52", "temp": 27.0, "humi": 40.0}, {"time": "2022/08/01 10:29:02", "temp": 27.0, "humi": 40.0}, {"time": "2022/08/01 10:29:13", "temp": 27.0, "humi": 41.0}, {"time": "2022/08/01 10:29:23", "temp": 27.0, "humi": 40.0}, {"time": "2022/08/01 10:29:36", "temp": 27.0, "humi": 41.0}, {"time": "2022/08/01 10:29:47", "temp": 27.0, "humi": 41.0}, {"time": "2022/08/01 10:29:57", "temp": 27.0, "humi": 41.0}, {"time": "2022/08/01 10:30:07", "temp": 27.0, "humi": 41.0}, {"time": "2022/08/01 10:30:19", "temp": 28.0, "humi": 41.0}, {"time": "2022/08/01 10:30:29", "temp": 28.0, "humi": 40.0}, {"time": "2022/08/01 10:30:40", "temp": 28.0, "humi": 41.0}, {"time": "2022/08/01 10:30:50", "temp": 28.0, "humi": 41.0}, {"time": "2022/08/01 10:31:01", "temp": 28.0, "humi": 41.0}, {"time": "2022/08/01 10:31:11", "temp": 28.0, "humi": 41.0}, {"time": "2022/08/01 10:31:22", "temp": 28.0, "humi": 41.0}, {"time": "2022/08/01 10:31:33", "temp": 28.0, "humi": 40.0}, {"time": "2022/08/01 10:31:43", "temp": 28.0, "humi": 41.0}, {"time": "2022/08/01 10:31:54", "temp": 28.0, "humi": 41.0}, {"time": "2022/08/01 10:32:04", "temp": 28.0, "humi": 41.0}, {"time": "2022/08/01 10:32:15", "temp": 28.0, "humi": 41.0}, {"time": "2022/08/01 10:32:28", "temp": 28.0, "humi": 40.0}, {"time": "2022/08/01 10:32:40", "temp": 28.0, "humi": 40.0}, {"time": "2022/08/01 10:32:54", "temp": 28.0, "humi": 40.0}, {"time": "2022/08/01 10:33:04", "temp": 28.0, "humi": 40.0}, {"time": "2022/08/01 10:33:16", "temp": 28.0, "humi": 40.0}, {"time": "2022/08/01 10:33:29", "temp": 28.0, "humi": 40.0}, {"time": "2022/08/01 10:33:39", "temp": 28.0, "humi": 40.0}, {"time": "2022/08/01 10:33:50", "temp": 28.0, "humi": 41.0}, {"time": "2022/08/01 10:34:03", "temp": 28.0, "humi": 40.0}, {"time": "2022/08/01 10:34:14", "temp": 28.0, "humi": 41.0}, {"time": "2022/08/01 10:34:25", "temp": 28.0, "humi": 40.0}, {"time": "2022/08/01 10:34:35", "temp": 28.0, "humi": 41.0}, {"time": "2022/08/01 10:34:45", "temp": 28.0, "humi": 41.0}, {"time": "2022/08/01 10:34:56", "temp": 28.0, "humi": 41.0}, {"time": "2022/08/01 10:35:07", "temp": 28.0, "humi": 41.0}, {"time": "2022/08/01 10:35:21", "temp": 28.0, "humi": 40.0}, {"time": "2022/08/01 10:35:32", "temp": 28.0, "humi": 41.0}, {"time": "2022/08/01 10:35:43", "temp": 28.0, "humi": 41.0}, {"time": "2022/08/01 10:35:56", "temp": 28.0, "humi": 41.0}, {"time": "2022/08/01 10:36:06", "temp": 28.0, "humi": 40.0}, {"time": "2022/08/01 10:36:16", "temp": 28.0, "humi": 41.0}, {"time": "2022/08/01 10:36:29", "temp": 28.0, "humi": 41.0}, {"time": "2022/08/01 10:36:42", "temp": 28.0, "humi": 41.0}, {"time": "2022/08/01 10:36:55", "temp": 28.0, "humi": 41.0}, {"time": "2022/08/01 10:37:06", "temp": 28.0, "humi": 42.0}, {"time": "2022/08/01 10:37:18", "temp": 28.0, "humi": 41.0}, {"time": "2022/08/01 10:37:29", "temp": 28.0, "humi": 41.0}, {"time": "2022/08/01 10:37:41", "temp": 28.0, "humi": 41.0}, {"time": "2022/08/01 10:37:53", "temp": 28.0, "humi": 41.0}, {"time": "2022/08/01 10:38:04", "temp": 28.0, "humi": 41.0}, {"time": "2022/08/01 10:38:14", "temp": 28.0, "humi": 42.0}, {"time": "2022/08/01 10:38:24", "temp": 28.0, "humi": 42.0}, {"time": "2022/08/01 10:38:35", "temp": 28.0, "humi": 42.0}, {"time": "2022/08/01 10:38:45", "temp": 28.0, "humi": 42.0}, {"time": "2022/08/01 10:38:56", "temp": 28.0, "humi": 42.0}, {"time": "2022/08/01 10:39:07", "temp": 28.0, "humi": 41.0}, {"time": "2022/08/01 10:39:18", "temp": 28.0, "humi": 42.0}, {"time": "2022/08/01 10:39:28", "temp": 28.0, "humi": 41.0}, {"time": "2022/08/01 10:39:42", "temp": 28.0, "humi": 41.0}, {"time": "2022/08/01 10:39:52", "temp": 28.0, "humi": 41.0}, {"time": "2022/08/01 10:40:02", "temp": 28.0, "humi": 42.0}, {"time": "2022/08/01 10:40:12", "temp": 28.0, "humi": 42.0}, {"time": "2022/08/01 10:40:24", "temp": 28.0, "humi": 42.0}, {"time": "2022/08/01 10:40:36", "temp": 28.0, "humi": 41.0}, {"time": "2022/08/01 10:40:51", "temp": 28.0, "humi": 41.0}, {"time": "2022/08/01 10:41:02", "temp": 28.0, "humi": 42.0}, {"time": "2022/08/01 10:41:13", "temp": 28.0, "humi": 41.0}, {"time": "2022/08/01 10:41:26", "temp": 28.0, "humi": 41.0}, {"time": "2022/08/01 10:41:37", "temp": 28.0, "humi": 42.0}, {"time": "2022/08/01 10:41:48", "temp": 28.0, "humi": 41.0}, {"time": "2022/08/01 10:41:58", "temp": 28.0, "humi": 42.0}, {"time": "2022/08/01 10:42:10", "temp": 28.0, "humi": 41.0}, {"time": "2022/08/01 10:42:22", "temp": 28.0, "humi": 42.0}, {"time": "2022/08/01 10:42:34", "temp": 28.0, "humi": 41.0}, {"time": "2022/08/01 10:42:44", "temp": 28.0, "humi": 41.0}, {"time": "2022/08/01 10:42:55", "temp": 28.0, "humi": 42.0}, {"time": "2022/08/01 10:43:07", "temp": 28.0, "humi": 41.0}, {"time": "2022/08/01 10:43:17", "temp": 28.0, "humi": 41.0}, {"time": "2022/08/01 10:43:29", "temp": 28.0, "humi": 42.0}, {"time": "2022/08/01 10:43:39", "temp": 28.0, "humi": 41.0}, {"time": "2022/08/01 10:43:49", "temp": 29.0, "humi": 42.0}, {"time": "2022/08/01 10:44:00", "temp": 28.0, "humi": 42.0}, {"time": "2022/08/01 10:44:11", "temp": 28.0, "humi": 42.0}, {"time": "2022/08/01 10:44:21", "temp": 28.0, "humi": 41.0}, {"time": "2022/08/01 10:44:31", "temp": 28.0, "humi": 42.0}, {"time": "2022/08/01 10:45:21", "temp": 28.0, "humi": 41.0}, {"time": "2022/08/01 10:45:33", "temp": 28.0, "humi": 42.0}, {"time": "2022/08/01 10:45:43", "temp": 28.0, "humi": 42.0}, {"time": "2022/08/01 10:45:56", "temp": 28.0, "humi": 41.0}, {"time": "2022/08/01 10:46:07", "temp": 28.0, "humi": 42.0}, {"time": "2022/08/01 10:46:17", "temp": 28.0, "humi": 42.0}, {"time": "2022/08/01 10:46:27", "temp": 28.0, "humi": 42.0}, {"time": "2022/08/01 10:46:38", "temp": 28.0, "humi": 42.0}, {"time": "2022/08/01 10:46:49", "temp": 28.0, "humi": 42.0}, {"time": "2022/08/01 10:46:59", "temp": 28.0, "humi": 42.0}, {"time": "2022/08/01 10:47:09", "temp": 28.0, "humi": 42.0}, {"time": "2022/08/01 10:47:21", "temp": 28.0, "humi": 42.0}, {"time": "2022/08/01 10:47:33", "temp": 28.0, "humi": 42.0}, {"time": "2022/08/01 10:47:43", "temp": 28.0, "humi": 42.0}, {"time": "2022/08/01 10:47:57", "temp": 28.0, "humi": 42.0}, {"time": "2022/08/01 10:48:08", "temp": 28.0, "humi": 42.0}, {"time": "2022/08/01 10:48:19", "temp": 28.0, "humi": 42.0}, {"time": "2022/08/01 10:48:31", "temp": 28.0, "humi": 42.0}, {"time": "2022/08/01 10:48:41", "temp": 28.0, "humi": 42.0}, {"time": "2022/08/01 10:49:01", "temp": 28.0, "humi": 42.0}, {"time": "2022/08/01 10:49:12", "temp": 28.0, "humi": 42.0}, {"time": "2022/08/01 10:49:23", "temp": 28.0, "humi": 42.0}, {"time": "2022/08/01 10:49:34", "temp": 28.0, "humi": 42.0}, {"time": "2022/08/01 10:49:48", "temp": 28.0, "humi": 42.0}, {"time": "2022/08/01 10:50:00", "temp": 28.0, "humi": 42.0}, {"time": "2022/08/01 10:50:11", "temp": 28.0, "humi": 42.0}, {"time": "2022/08/01 10:50:23", "temp": 28.0, "humi": 42.0}, {"time": "2022/08/01 10:50:33", "temp": 28.0, "humi": 42.0}, {"time": "2022/08/01 10:50:45", "temp": 28.0, "humi": 42.0}, {"time": "2022/08/01 10:50:58", "temp": 28.0, "humi": 42.0}, {"time": "2022/08/01 10:51:12", "temp": 28.0, "humi": 42.0}, {"time": "2022/08/01 10:51:24", "temp": 28.0, "humi": 42.0}, {"time": "2022/08/01 10:51:34", "temp": 28.0, "humi": 42.0}, {"time": "2022/08/01 10:51:44", "temp": 28.0, "humi": 43.0}, {"time": "2022/08/01 10:51:56", "temp": 28.0, "humi": 42.0}, {"time": "2022/08/01 10:52:07", "temp": 28.0, "humi": 42.0}, {"time": "2022/08/01 10:52:18", "temp": 28.0, "humi": 42.0}, {"time": "2022/08/01 10:52:30", "temp": 28.0, "humi": 42.0}, {"time": "2022/08/01 10:52:40", "temp": 28.0, "humi": 42.0}, {"time": "2022/08/01 10:52:51", "temp": 28.0, "humi": 42.0}, {"time": "2022/08/01 10:53:03", "temp": 28.0, "humi": 42.0}, {"time": "2022/08/01 10:53:19", "temp": 28.0, "humi": 42.0}, {"time": "2022/08/01 10:53:29", "temp": 28.0, "humi": 42.0}, {"time": "2022/08/01 10:53:41", "temp": 28.0, "humi": 43.0}, {"time": "2022/08/01 10:53:51", "temp": 28.0, "humi": 42.0}, {"time": "2022/08/01 10:54:01", "temp": 28.0, "humi": 43.0}, {"time": "2022/08/01 10:54:14", "temp": 28.0, "humi": 42.0}, {"time": "2022/08/01 10:54:24", "temp": 28.0, "humi": 42.0}, {"time": "2022/08/01 10:54:34", "temp": 28.0, "humi": 43.0}, {"time": "2022/08/01 10:54:53", "temp": 28.0, "humi": 42.0}, {"time": "2022/08/01 10:55:07", "temp": 28.0, "humi": 42.0}, {"time": "2022/08/01 10:55:17", "temp": 28.0, "humi": 42.0}, {"time": "2022/08/01 10:55:29", "temp": 28.0, "humi": 43.0}, {"time": "2022/08/01 10:55:39", "temp": 28.0, "humi": 42.0}, {"time": "2022/08/01 10:55:51", "temp": 28.0, "humi": 42.0}, {"time": "2022/08/01 10:56:02", "temp": 28.0, "humi": 43.0}, {"time": "2022/08/01 10:56:13", "temp": 28.0, "humi": 44.0}, {"time": "2022/08/01 10:56:23", "temp": 28.0, "humi": 43.0}, {"time": "2022/08/01 10:56:35", "temp": 29.0, "humi": 41.0}, {"time": "2022/08/01 10:56:46", "temp": 28.0, "humi": 42.0}, {"time": "2022/08/01 10:56:56", "temp": 28.0, "humi": 43.0}, {"time": "2022/08/01 10:57:09", "temp": 28.0, "humi": 42.0}, {"time": "2022/08/01 10:57:22", "temp": 28.0, "humi": 42.0}, {"time": "2022/08/01 10:57:32", "temp": 28.0, "humi": 42.0}, {"time": "2022/08/01 10:57:43", "temp": 28.0, "humi": 43.0}, {"time": "2022/08/01 10:57:56", "temp": 28.0, "humi": 42.0}, {"time": "2022/08/01 10:58:06", "temp": 28.0, "humi": 42.0}, {"time": "2022/08/01 10:58:17", "temp": 28.0, "humi": 43.0}, {"time": "2022/08/01 10:58:28", "temp": 28.0, "humi": 43.0}, {"time": "2022/08/01 10:58:42", "temp": 28.0, "humi": 42.0}, {"time": "2022/08/01 10:58:56", "temp": 28.0, "humi": 42.0}, {"time": "2022/08/01 10:59:08", "temp": 28.0, "humi": 43.0}, {"time": "2022/08/01 10:59:20", "temp": 28.0, "humi": 42.0}, {"time": "2022/08/01 10:59:36", "temp": 28.0, "humi": 42.0}, {"time": "2022/08/01 10:59:46", "temp": 28.0, "humi": 42.0}, {"time": "2022/08/01 10:59:59", "temp": 28.0, "humi": 42.0}, {"time": "2022/08/01 11:00:09", "temp": 28.0, "humi": 42.0}, {"time": "2022/08/01 11:00:20", "temp": 28.0, "humi": 43.0}, {"time": "2022/08/01 11:00:32", "temp": 28.0, "humi": 42.0}, {"time": "2022/08/01 11:00:43", "temp": 28.0, "humi": 42.0}, {"time": "2022/08/01 11:00:53", "temp": 28.0, "humi": 43.0}, {"time": "2022/08/01 11:01:03", "temp": 28.0, "humi": 43.0}, {"time": "2022/08/01 11:01:13", "temp": 28.0, "humi": 43.0}, {"time": "2022/08/01 11:01:24", "temp": 28.0, "humi": 43.0}, {"time": "2022/08/01 11:01:34", "temp": 28.0, "humi": 43.0}, {"time": "2022/08/01 11:01:48", "temp": 28.0, "humi": 43.0}, {"time": "2022/08/01 11:01:59", "temp": 28.0, "humi": 43.0}, {"time": "2022/08/01 11:02:11", "temp": 28.0, "humi": 43.0}, {"time": "2022/08/01 11:02:22", "temp": 28.0, "humi": 43.0}, {"time": "2022/08/01 11:02:35", "temp": 29.0, "humi": 42.0}, {"time": "2022/08/01 11:02:45", "temp": 29.0, "humi": 43.0}, {"time": "2022/08/01 11:02:56", "temp": 29.0, "humi": 42.0}, {"time": "2022/08/01 11:03:12", "temp": 29.0, "humi": 41.0}, {"time": "2022/08/01 11:03:28", "temp": 29.0, "humi": 41.0}, {"time": "2022/08/01 11:03:38", "temp": 29.0, "humi": 41.0}, {"time": "2022/08/01 11:03:51", "temp": 29.0, "humi": 42.0}, {"time": "2022/08/01 11:04:01", "temp": 29.0, "humi": 41.0}, {"time": "2022/08/01 11:04:11", "temp": 29.0, "humi": 42.0}, {"time": "2022/08/01 11:04:21", "temp": 29.0, "humi": 42.0}, {"time": "2022/08/01 11:04:31", "temp": 29.0, "humi": 42.0}, {"time": "2022/08/01 11:04:43", "temp": 29.0, "humi": 42.0}, {"time": "2022/08/01 11:04:53", "temp": 29.0, "humi": 42.0}, {"time": "2022/08/01 11:05:06", "temp": 29.0, "humi": 42.0}, {"time": "2022/08/01 11:05:16", "temp": 29.0, "humi": 42.0}, {"time": "2022/08/01 11:06:06", "temp": 29.0, "humi": 42.0}, {"time": "2022/08/01 11:06:16", "temp": 29.0, "humi": 42.0}, {"time": "2022/08/01 11:06:28", "temp": 29.0, "humi": 42.0}, {"time": "2022/08/01 11:06:43", "temp": 29.0, "humi": 42.0}, {"time": "2022/08/01 11:06:54", "temp": 29.0, "humi": 42.0}, {"time": "2022/08/01 11:07:04", "temp": 29.0, "humi": 42.0}, {"time": "2022/08/01 11:07:16", "temp": 29.0, "humi": 42.0}, {"time": "2022/08/01 11:07:27", "temp": 29.0, "humi": 42.0}, {"time": "2022/08/01 11:07:38", "temp": 29.0, "humi": 42.0}, {"time": "2022/08/01 11:07:52", "temp": 29.0, "humi": 42.0}, {"time": "2022/08/01 11:08:02", "temp": 29.0, "humi": 42.0}, {"time": "2022/08/01 11:08:13", "temp": 29.0, "humi": 42.0}, {"time": "2022/08/01 11:08:24", "temp": 29.0, "humi": 42.0}, {"time": "2022/08/01 11:08:34", "temp": 29.0, "humi": 42.0}, {"time": "2022/08/01 11:08:46", "temp": 29.0, "humi": 42.0}, {"time": "2022/08/01 11:08:58", "temp": 29.0, "humi": 42.0}, {"time": "2022/08/01 11:09:08", "temp": 29.0, "humi": 42.0}, {"time": "2022/08/01 11:09:18", "temp": 29.0, "humi": 42.0}, {"time": "2022/08/01 11:09:28", "temp": 29.0, "humi": 42.0}, {"time": "2022/08/01 11:09:39", "temp": 29.0, "humi": 42.0}, {"time": "2022/08/01 11:09:49", "temp": 29.0, "humi": 42.0}, {"time": "2022/08/01 11:09:59", "temp": 29.0, "humi": 42.0}, {"time": "2022/08/01 11:10:11", "temp": 29.0, "humi": 42.0}, {"time": "2022/08/01 11:10:21", "temp": 29.0, "humi": 42.0}, {"time": "2022/08/01 11:10:36", "temp": 29.0, "humi": 42.0}, {"time": "2022/08/01 11:10:46", "temp": 29.0, "humi": 42.0}, {"time": "2022/08/01 11:10:57", "temp": 29.0, "humi": 43.0}, {"time": "2022/08/01 11:11:11", "temp": 29.0, "humi": 41.0}, {"time": "2022/08/01 11:11:21", "temp": 29.0, "humi": 44.0}, {"time": "2022/08/01 11:11:33", "temp": 29.0, "humi": 42.0}, {"time": "2022/08/01 11:11:43", "temp": 29.0, "humi": 41.0}, {"time": "2022/08/01 11:11:53", "temp": 29.0, "humi": 42.0}, {"time": "2022/08/01 11:12:06", "temp": 29.0, "humi": 41.0}, {"time": "2022/08/01 11:12:16", "temp": 29.0, "humi": 41.0}, {"time": "2022/08/01 11:12:26", "temp": 29.0, "humi": 42.0}, {"time": "2022/08/01 11:12:37", "temp": 29.0, "humi": 42.0}, {"time": "2022/08/01 11:12:47", "temp": 29.0, "humi": 42.0}, {"time": "2022/08/01 11:12:58", "temp": 29.0, "humi": 42.0}, {"time": "2022/08/01 11:13:08", "temp": 29.0, "humi": 42.0}, {"time": "2022/08/01 11:13:18", "temp": 29.0, "humi": 42.0}, {"time": "2022/08/01 11:13:29", "temp": 29.0, "humi": 42.0}, {"time": "2022/08/01 11:13:45", "temp": 29.0, "humi": 42.0}, {"time": "2022/08/01 11:13:55", "temp": 29.0, "humi": 42.0}, {"time": "2022/08/01 11:14:07", "temp": 29.0, "humi": 43.0}, {"time": "2022/08/01 11:14:17", "temp": 29.0, "humi": 42.0}, {"time": "2022/08/01 11:14:28", "temp": 29.0, "humi": 42.0}, {"time": "2022/08/01 11:14:39", "temp": 29.0, "humi": 42.0}, {"time": "2022/08/01 11:14:49", "temp": 29.0, "humi": 46.0}, {"time": "2022/08/01 11:15:03", "temp": 29.0, "humi": 42.0}, {"time": "2022/08/01 11:15:13", "temp": 29.0, "humi": 42.0}, {"time": "2022/08/01 11:15:24", "temp": 29.0, "humi": 42.0}, {"time": "2022/08/01 11:15:34", "temp": 29.0, "humi": 42.0}, {"time": "2022/08/01 11:15:46", "temp": 29.0, "humi": 42.0}, {"time": "2022/08/01 11:15:56", "temp": 29.0, "humi": 42.0}, {"time": "2022/08/01 11:16:13", "temp": 29.0, "humi": 42.0}, {"time": "2022/08/01 11:16:25", "temp": 29.0, "humi": 42.0}, {"time": "2022/08/01 11:16:38", "temp": 29.0, "humi": 42.0}, {"time": "2022/08/01 11:16:51", "temp": 29.0, "humi": 42.0}, {"time": "2022/08/01 11:17:04", "temp": 29.0, "humi": 42.0}, {"time": "2022/08/01 11:17:15", "temp": 29.0, "humi": 42.0}, {"time": "2022/08/01 11:17:27", "temp": 29.0, "humi": 42.0}, {"time": "2022/08/01 11:17:38", "temp": 29.0, "humi": 43.0}, {"time": "2022/08/01 11:17:50", "temp": 29.0, "humi": 43.0}, {"time": "2022/08/01 11:18:02", "temp": 29.0, "humi": 42.0}, {"time": "2022/08/01 11:18:13", "temp": 29.0, "humi": 42.0}, {"time": "2022/08/01 11:18:26", "temp": 29.0, "humi": 42.0}, {"time": "2022/08/01 11:18:36", "temp": 29.0, "humi": 42.0}, {"time": "2022/08/01 11:18:50", "temp": 29.0, "humi": 42.0}, {"time": "2022/08/01 11:19:00", "temp": 29.0, "humi": 43.0}, {"time": "2022/08/01 11:19:11", "temp": 29.0, "humi": 43.0}, {"time": "2022/08/01 11:19:22", "temp": 29.0, "humi": 43.0}, {"time": "2022/08/01 11:19:33", "temp": 29.0, "humi": 43.0}, {"time": "2022/08/01 11:19:44", "temp": 29.0, "humi": 43.0}, {"time": "2022/08/01 11:19:54", "temp": 29.0, "humi": 43.0}, {"time": "2022/08/01 11:20:05", "temp": 29.0, "humi": 43.0}, {"time": "2022/08/01 11:20:19", "temp": 29.0, "humi": 42.0}, {"time": "2022/08/01 11:20:29", "temp": 29.0, "humi": 42.0}, {"time": "2022/08/01 11:20:40", "temp": 29.0, "humi": 43.0}, {"time": "2022/08/01 11:20:50", "temp": 29.0, "humi": 43.0}, {"time": "2022/08/01 11:21:00", "temp": 29.0, "humi": 43.0}, {"time": "2022/08/01 11:21:13", "temp": 29.0, "humi": 42.0}, {"time": "2022/08/01 11:21:23", "temp": 29.0, "humi": 42.0}, {"time": "2022/08/01 11:21:39", "temp": 29.0, "humi": 42.0}, {"time": "2022/08/01 11:21:54", "temp": 29.0, "humi": 42.0}, {"time": "2022/08/01 11:22:14", "temp": 29.0, "humi": 42.0}, {"time": "2022/08/01 11:22:28", "temp": 29.0, "humi": 42.0}, {"time": "2022/08/01 11:22:38", "temp": 29.0, "humi": 42.0}, {"time": "2022/08/01 11:22:48", "temp": 29.0, "humi": 44.0}, {"time": "2022/08/01 11:22:59", "temp": 29.0, "humi": 44.0}, {"time": "2022/08/01 11:23:09", "temp": 29.0, "humi": 43.0}, {"time": "2022/08/01 11:23:19", "temp": 29.0, "humi": 43.0}, {"time": "2022/08/01 11:23:30", "temp": 29.0, "humi": 43.0}, {"time": "2022/08/01 11:23:41", "temp": 29.0, "humi": 42.0}, {"time": "2022/08/01 11:23:54", "temp": 29.0, "humi": 42.0}, {"time": "2022/08/01 11:24:05", "temp": 29.0, "humi": 42.0}, {"time": "2022/08/01 11:24:15", "temp": 29.0, "humi": 43.0}, {"time": "2022/08/01 11:24:30", "temp": 29.0, "humi": 42.0}, {"time": "2022/08/01 11:24:40", "temp": 29.0, "humi": 42.0}, {"time": "2022/08/01 11:24:54", "temp": 29.0, "humi": 42.0}, {"time": "2022/08/01 11:25:05", "temp": 29.0, "humi": 42.0}, {"time": "2022/08/01 11:25:15", "temp": 29.0, "humi": 44.0}, {"time": "2022/08/01 11:25:25", "temp": 29.0, "humi": 45.0}, {"time": "2022/08/01 11:25:35", "temp": 29.0, "humi": 46.0}, {"time": "2022/08/01 11:25:46", "temp": 29.0, "humi": 44.0}, {"time": "2022/08/01 11:25:56", "temp": 29.0, "humi": 46.0}, {"time": "2022/08/01 11:26:06", "temp": 29.0, "humi": 44.0}, {"time": "2022/08/01 11:26:16", "temp": 29.0, "humi": 44.0}, {"time": "2022/08/01 11:26:29", "temp": 29.0, "humi": 44.0}, {"time": "2022/08/01 11:26:40", "temp": 29.0, "humi": 44.0}, {"time": "2022/08/01 11:26:50", "temp": 29.0, "humi": 44.0}, {"time": "2022/08/01 11:27:01", "temp": 29.0, "humi": 44.0}, {"time": "2022/08/01 11:27:14", "temp": 29.0, "humi": 44.0}, {"time": "2022/08/01 11:27:25", "temp": 29.0, "humi": 44.0}, {"time": "2022/08/01 11:27:38", "temp": 29.0, "humi": 43.0}, {"time": "2022/08/01 11:27:49", "temp": 29.0, "humi": 45.0}, {"time": "2022/08/01 11:27:59", "temp": 29.0, "humi": 44.0}, {"time": "2022/08/01 11:28:10", "temp": 29.0, "humi": 44.0}, {"time": "2022/08/01 11:28:23", "temp": 29.0, "humi": 43.0}, {"time": "2022/08/01 11:28:35", "temp": 29.0, "humi": 43.0}, {"time": "2022/08/01 11:28:46", "temp": 28.0, "humi": 45.0}, {"time": "2022/08/01 11:28:57", "temp": 28.0, "humi": 45.0}, {"time": "2022/08/01 11:29:12", "temp": 28.0, "humi": 44.0}, {"time": "2022/08/01 11:29:23", "temp": 28.0, "humi": 45.0}, {"time": "2022/08/01 11:29:34", "temp": 28.0, "humi": 44.0}, {"time": "2022/08/01 11:29:44", "temp": 28.0, "humi": 45.0}, {"time": "2022/08/01 11:29:54", "temp": 28.0, "humi": 47.0}, {"time": "2022/08/01 11:30:05", "temp": 28.0, "humi": 45.0}, {"time": "2022/08/01 11:30:15", "temp": 28.0, "humi": 45.0}, {"time": "2022/08/01 11:30:25", "temp": 28.0, "humi": 45.0}, {"time": "2022/08/01 11:30:36", "temp": 28.0, "humi": 45.0}, {"time": "2022/08/01 11:30:48", "temp": 28.0, "humi": 45.0}, {"time": "2022/08/01 11:31:00", "temp": 28.0, "humi": 45.0}, {"time": "2022/08/01 11:31:10", "temp": 28.0, "humi": 45.0}, {"time": "2022/08/01 11:31:22", "temp": 28.0, "humi": 45.0}, {"time": "2022/08/01 11:31:33", "temp": 28.0, "humi": 45.0}, {"time": "2022/08/01 11:31:44", "temp": 28.0, "humi": 46.0}, {"time": "2022/08/01 11:31:57", "temp": 28.0, "humi": 45.0}, {"time": "2022/08/01 11:32:07", "temp": 28.0, "humi": 45.0}, {"time": "2022/08/01 11:32:17", "temp": 28.0, "humi": 45.0}, {"time": "2022/08/01 11:32:28", "temp": 28.0, "humi": 46.0}, {"time": "2022/08/01 11:32:39", "temp": 28.0, "humi": 45.0}, {"time": "2022/08/01 11:32:50", "temp": 28.0, "humi": 46.0}, {"time": "2022/08/01 11:33:01", "temp": 28.0, "humi": 45.0}, {"time": "2022/08/01 11:33:11", "temp": 28.0, "humi": 46.0}, {"time": "2022/08/01 11:33:22", "temp": 28.0, "humi": 45.0}, {"time": "2022/08/01 11:33:32", "temp": 30.0, "humi": 44.0}, {"time": "2022/08/01 11:33:45", "temp": 28.0, "humi": 45.0}, {"time": "2022/08/01 11:33:55", "temp": 28.0, "humi": 45.0}, {"time": "2022/08/01 11:34:05", "temp": 28.0, "humi": 45.0}, {"time": "2022/08/01 11:34:16", "temp": 28.0, "humi": 45.0}, {"time": "2022/08/01 11:34:26", "temp": 28.0, "humi": 46.0}, {"time": "2022/08/01 11:34:37", "temp": 29.0, "humi": 44.0}, {"time": "2022/08/01 11:34:47", "temp": 28.0, "humi": 45.0}, {"time": "2022/08/01 11:34:58", "temp": 29.0, "humi": 46.0}, {"time": "2022/08/01 11:35:09", "temp": 29.0, "humi": 44.0}, {"time": "2022/08/01 11:35:19", "temp": 29.0, "humi": 44.0}, {"time": "2022/08/01 11:35:30", "temp": 29.0, "humi": 44.0}, {"time": "2022/08/01 11:35:40", "temp": 29.0, "humi": 44.0}, {"time": "2022/08/01 11:35:55", "temp": 29.0, "humi": 44.0}, {"time": "2022/08/01 11:36:06", "temp": 29.0, "humi": 44.0}, {"time": "2022/08/01 11:36:21", "temp": 29.0, "humi": 44.0}, {"time": "2022/08/01 11:36:32", "temp": 29.0, "humi": 44.0}, {"time": "2022/08/01 11:36:45", "temp": 29.0, "humi": 44.0}, {"time": "2022/08/01 11:36:59", "temp": 29.0, "humi": 44.0}, {"time": "2022/08/01 11:37:09", "temp": 29.0, "humi": 44.0}, {"time": "2022/08/01 11:37:21", "temp": 29.0, "humi": 44.0}, {"time": "2022/08/01 11:37:35", "temp": 29.0, "humi": 44.0}, {"time": "2022/08/01 11:37:47", "temp": 29.0, "humi": 44.0}, {"time": "2022/08/01 11:37:58", "temp": 29.0, "humi": 44.0}, {"time": "2022/08/01 11:38:08", "temp": 29.0, "humi": 46.0}, {"time": "2022/08/01 11:38:21", "temp": 29.0, "humi": 44.0}, {"time": "2022/08/01 11:38:32", "temp": 29.0, "humi": 44.0}, {"time": "2022/08/01 11:38:42", "temp": 29.0, "humi": 44.0}, {"time": "2022/08/01 11:38:52", "temp": 29.0, "humi": 44.0}, {"time": "2022/08/01 11:39:05", "temp": 29.0, "humi": 44.0}, {"time": "2022/08/01 11:39:16", "temp": 29.0, "humi": 44.0}, {"time": "2022/08/01 11:39:26", "temp": 29.0, "humi": 45.0}, {"time": "2022/08/01 11:39:37", "temp": 29.0, "humi": 44.0}, {"time": "2022/08/01 11:39:49", "temp": 29.0, "humi": 44.0}, {"time": "2022/08/01 11:40:05", "temp": 29.0, "humi": 44.0}, {"time": "2022/08/01 11:40:15", "temp": 29.0, "humi": 44.0}, {"time": "2022/08/01 11:40:26", "temp": 29.0, "humi": 44.0}, {"time": "2022/08/01 11:40:39", "temp": 29.0, "humi": 44.0}, {"time": "2022/08/01 11:40:49", "temp": 29.0, "humi": 44.0}, {"time": "2022/08/01 11:40:59", "temp": 29.0, "humi": 45.0}, {"time": "2022/08/01 11:41:09", "temp": 29.0, "humi": 44.0}, {"time": "2022/08/01 11:41:20", "temp": 29.0, "humi": 44.0}, {"time": "2022/08/01 11:41:30", "temp": 29.0, "humi": 46.0}, {"time": "2022/08/01 11:41:40", "temp": 29.0, "humi": 44.0}, {"time": "2022/08/01 11:41:52", "temp": 29.0, "humi": 44.0}, {"time": "2022/08/01 11:42:05", "temp": 29.0, "humi": 44.0}, {"time": "2022/08/01 11:42:15", "temp": 29.0, "humi": 44.0}, {"time": "2022/08/01 11:42:26", "temp": 29.0, "humi": 44.0}, {"time": "2022/08/01 11:42:36", "temp": 29.0, "humi": 44.0}, {"time": "2022/08/01 11:42:46", "temp": 29.0, "humi": 44.0}, {"time": "2022/08/01 11:42:59", "temp": 29.0, "humi": 44.0}, {"time": "2022/08/01 11:43:09", "temp": 29.0, "humi": 44.0}, {"time": "2022/08/01 11:43:22", "temp": 29.0, "humi": 44.0}, {"time": "2022/08/01 11:43:33", "temp": 29.0, "humi": 44.0}, {"time": "2022/08/01 11:43:43", "temp": 29.0, "humi": 44.0}, {"time": "2022/08/01 11:43:54", "temp": 29.0, "humi": 44.0}, {"time": "2022/08/01 11:44:08", "temp": 29.0, "humi": 44.0}, {"time": "2022/08/01 11:44:18", "temp": 29.0, "humi": 44.0}, {"time": "2022/08/01 11:44:28", "temp": 29.0, "humi": 44.0}, {"time": "2022/08/01 11:44:39", "temp": 29.0, "humi": 44.0}, {"time": "2022/08/01 11:44:50", "temp": 29.0, "humi": 44.0}, {"time": "2022/08/01 11:45:00", "temp": 29.0, "humi": 44.0}, {"time": "2022/08/01 11:45:10", "temp": 29.0, "humi": 44.0}, {"time": "2022/08/01 11:45:21", "temp": 30.0, "humi": 44.0}, {"time": "2022/08/01 11:45:34", "temp": 29.0, "humi": 44.0}, {"time": "2022/08/01 11:45:44", "temp": 29.0, "humi": 46.0}, {"time": "2022/08/01 11:45:55", "temp": 29.0, "humi": 44.0}, {"time": "2022/08/01 11:46:09", "temp": 29.0, "humi": 44.0}, {"time": "2022/08/01 11:46:21", "temp": 29.0, "humi": 44.0}, {"time": "2022/08/01 11:46:31", "temp": 29.0, "humi": 44.0}, {"time": "2022/08/01 11:46:42", "temp": 29.0, "humi": 45.0}, {"time": "2022/08/01 11:46:52", "temp": 29.0, "humi": 44.0}, {"time": "2022/08/01 11:47:05", "temp": 29.0, "humi": 44.0}, {"time": "2022/08/01 11:47:15", "temp": 29.0, "humi": 45.0}, {"time": "2022/08/01 11:47:28", "temp": 29.0, "humi": 44.0}, {"time": "2022/08/01 11:47:41", "temp": 29.0, "humi": 44.0}, {"time": "2022/08/01 11:47:53", "temp": 29.0, "humi": 44.0}, {"time": "2022/08/01 11:48:06", "temp": 29.0, "humi": 44.0}, {"time": "2022/08/01 11:48:19", "temp": 29.0, "humi": 44.0}, {"time": "2022/08/01 11:48:31", "temp": 29.0, "humi": 44.0}, {"time": "2022/08/01 11:48:41", "temp": 29.0, "humi": 44.0}, {"time": "2022/08/01 11:48:52", "temp": 29.0, "humi": 44.0}, {"time": "2022/08/01 11:49:03", "temp": 29.0, "humi": 44.0}, {"time": "2022/08/01 11:49:14", "temp": 29.0, "humi": 44.0}, {"time": "2022/08/01 11:49:29", "temp": 29.0, "humi": 43.0}, {"time": "2022/08/01 11:49:39", "temp": 29.0, "humi": 45.0}, {"time": "2022/08/01 11:49:50", "temp": 29.0, "humi": 44.0}, {"time": "2022/08/01 11:50:01", "temp": 29.0, "humi": 45.0}, {"time": "2022/08/01 11:50:11", "temp": 30.0, "humi": 44.0}, {"time": "2022/08/01 11:50:23", "temp": 29.0, "humi": 44.0}, {"time": "2022/08/01 11:50:33", "temp": 29.0, "humi": 45.0}, {"time": "2022/08/01 11:50:45", "temp": 29.0, "humi": 44.0}, {"time": "2022/08/01 11:50:55", "temp": 29.0, "humi": 44.0}, {"time": "2022/08/01 11:51:06", "temp": 29.0, "humi": 44.0}, {"time": "2022/08/01 11:51:17", "temp": 29.0, "humi": 44.0}, {"time": "2022/08/01 11:51:30", "temp": 29.0, "humi": 43.0}, {"time": "2022/08/01 11:51:40", "temp": 29.0, "humi": 43.0}, {"time": "2022/08/01 11:51:55", "temp": 29.0, "humi": 43.0}, {"time": "2022/08/01 11:52:05", "temp": 29.0, "humi": 43.0}, {"time": "2022/08/01 11:52:17", "temp": 29.0, "humi": 44.0}, {"time": "2022/08/01 11:52:31", "temp": 29.0, "humi": 44.0}, {"time": "2022/08/01 11:52:41", "temp": 29.0, "humi": 44.0}, {"time": "2022/08/01 11:52:54", "temp": 29.0, "humi": 44.0}, {"time": "2022/08/01 11:53:04", "temp": 29.0, "humi": 44.0}, {"time": "2022/08/01 11:53:15", "temp": 29.0, "humi": 44.0}, {"time": "2022/08/01 11:53:26", "temp": 29.0, "humi": 44.0}, {"time": "2022/08/01 11:53:36", "temp": 29.0, "humi": 45.0}, {"time": "2022/08/01 11:53:47", "temp": 29.0, "humi": 44.0}, {"time": "2022/08/01 11:54:02", "temp": 29.0, "humi": 44.0}, {"time": "2022/08/01 11:54:13", "temp": 29.0, "humi": 44.0}, {"time": "2022/08/01 11:54:26", "temp": 29.0, "humi": 44.0}, {"time": "2022/08/01 11:54:38", "temp": 29.0, "humi": 44.0}, {"time": "2022/08/01 11:54:50", "temp": 29.0, "humi": 44.0}, {"time": "2022/08/01 11:55:00", "temp": 29.0, "humi": 45.0}, {"time": "2022/08/01 11:55:11", "temp": 29.0, "humi": 44.0}, {"time": "2022/08/01 11:55:21", "temp": 29.0, "humi": 45.0}, {"time": "2022/08/01 11:55:33", "temp": 29.0, "humi": 44.0}, {"time": "2022/08/01 11:55:48", "temp": 29.0, "humi": 44.0}, {"time": "2022/08/01 11:55:59", "temp": 29.0, "humi": 44.0}, {"time": "2022/08/01 11:56:12", "temp": 29.0, "humi": 44.0}, {"time": "2022/08/01 11:56:24", "temp": 29.0, "humi": 44.0}, {"time": "2022/08/01 11:56:35", "temp": 29.0, "humi": 44.0}, {"time": "2022/08/01 11:56:45", "temp": 29.0, "humi": 46.0}, {"time": "2022/08/01 11:56:55", "temp": 29.0, "humi": 44.0}, {"time": "2022/08/01 11:57:07", "temp": 29.0, "humi": 44.0}, {"time": "2022/08/01 11:57:17", "temp": 29.0, "humi": 44.0}, {"time": "2022/08/01 11:57:27", "temp": 29.0, "humi": 44.0}, {"time": "2022/08/01 11:57:38", "temp": 29.0, "humi": 44.0}, {"time": "2022/08/01 11:57:48", "temp": 29.0, "humi": 44.0}, {"time": "2022/08/01 11:57:59", "temp": 29.0, "humi": 44.0}, {"time": "2022/08/01 11:58:11", "temp": 29.0, "humi": 44.0}, {"time": "2022/08/01 11:58:26", "temp": 29.0, "humi": 44.0}, {"time": "2022/08/01 11:58:39", "temp": 29.0, "humi": 44.0}, {"time": "2022/08/01 11:58:49", "temp": 29.0, "humi": 44.0}, {"time": "2022/08/01 11:58:59", "temp": 29.0, "humi": 45.0}, {"time": "2022/08/01 11:59:15", "temp": 29.0, "humi": 44.0}, {"time": "2022/08/01 11:59:25", "temp": 29.0, "humi": 44.0}, {"time": "2022/08/01 11:59:35", "temp": 29.0, "humi": 45.0}, {"time": "2022/08/01 11:59:46", "temp": 29.0, "humi": 45.0}, {"time": "2022/08/01 11:59:59", "temp": 29.0, "humi": 44.0}, {"time": "2022/08/01 12:00:14", "temp": 29.0, "humi": 44.0}, {"time": "2022/08/01 12:00:25", "temp": 29.0, "humi": 45.0}, {"time": "2022/08/01 12:00:35", "temp": 29.0, "humi": 44.0}, {"time": "2022/08/01 12:00:46", "temp": 29.0, "humi": 45.0}, {"time": "2022/08/01 12:00:56", "temp": 29.0, "humi": 45.0}, {"time": "2022/08/01 12:01:06", "temp": 29.0, "humi": 45.0}, {"time": "2022/08/01 12:01:20", "temp": 29.0, "humi": 44.0}, {"time": "2022/08/01 12:01:30", "temp": 29.0, "humi": 45.0}, {"time": "2022/08/01 12:01:40", "temp": 29.0, "humi": 45.0}, {"time": "2022/08/01 12:01:51", "temp": 29.0, "humi": 45.0}, {"time": "2022/08/01 12:02:02", "temp": 29.0, "humi": 44.0}, {"time": "2022/08/01 12:02:13", "temp": 29.0, "humi": 45.0}, {"time": "2022/08/01 12:02:23", "temp": 29.0, "humi": 44.0}, {"time": "2022/08/01 12:02:34", "temp": 29.0, "humi": 45.0}, {"time": "2022/08/01 12:02:44", "temp": 29.0, "humi": 45.0}, {"time": "2022/08/01 12:02:54", "temp": 29.0, "humi": 45.0}, {"time": "2022/08/01 12:03:04", "temp": 29.0, "humi": 45.0}, {"time": "2022/08/01 12:03:16", "temp": 29.0, "humi": 45.0}, {"time": "2022/08/01 12:03:27", "temp": 29.0, "humi": 45.0}, {"time": "2022/08/01 12:03:38", "temp": 29.0, "humi": 45.0}, {"time": "2022/08/01 12:03:50", "temp": 29.0, "humi": 45.0}, {"time": "2022/08/01 12:04:01", "temp": 29.0, "humi": 45.0}, {"time": "2022/08/01 12:04:12", "temp": 29.0, "humi": 45.0}, {"time": "2022/08/01 12:04:24", "temp": 29.0, "humi": 45.0}, {"time": "2022/08/01 12:04:34", "temp": 29.0, "humi": 44.0}, {"time": "2022/08/01 12:04:45", "temp": 29.0, "humi": 45.0}, {"time": "2022/08/01 12:04:56", "temp": 29.0, "humi": 44.0}, {"time": "2022/08/01 12:05:06", "temp": 29.0, "humi": 45.0}, {"time": "2022/08/01 12:05:16", "temp": 29.0, "humi": 46.0}, {"time": "2022/08/01 12:05:26", "temp": 29.0, "humi": 45.0}, {"time": "2022/08/01 12:05:37", "temp": 29.0, "humi": 45.0}, {"time": "2022/08/01 12:05:53", "temp": 29.0, "humi": 44.0}, {"time": "2022/08/01 12:06:05", "temp": 29.0, "humi": 45.0}, {"time": "2022/08/01 12:06:15", "temp": 29.0, "humi": 44.0}, {"time": "2022/08/01 12:06:25", "temp": 29.0, "humi": 45.0}, {"time": "2022/08/01 12:06:36", "temp": 29.0, "humi": 45.0}, {"time": "2022/08/01 12:06:46", "temp": 29.0, "humi": 45.0}, {"time": "2022/08/01 12:07:01", "temp": 29.0, "humi": 44.0}, {"time": "2022/08/01 12:07:12", "temp": 29.0, "humi": 44.0}, {"time": "2022/08/01 12:07:22", "temp": 29.0, "humi": 45.0}, {"time": "2022/08/01 12:07:34", "temp": 29.0, "humi": 45.0}, {"time": "2022/08/01 12:07:46", "temp": 29.0, "humi": 44.0}, {"time": "2022/08/01 12:07:57", "temp": 29.0, "humi": 45.0}, {"time": "2022/08/01 12:08:09", "temp": 29.0, "humi": 45.0}, {"time": "2022/08/01 12:08:19", "temp": 30.0, "humi": 44.0}, {"time": "2022/08/01 12:08:30", "temp": 29.0, "humi": 45.0}, {"time": "2022/08/01 12:08:40", "temp": 29.0, "humi": 45.0}, {"time": "2022/08/01 12:08:50", "temp": 29.0, "humi": 45.0}, {"time": "2022/08/01 12:09:06", "temp": 29.0, "humi": 44.0}, {"time": "2022/08/01 12:09:19", "temp": 29.0, "humi": 44.0}, {"time": "2022/08/01 12:09:30", "temp": 29.0, "humi": 44.0}, {"time": "2022/08/01 12:09:40", "temp": 29.0, "humi": 46.0}, {"time": "2022/08/01 12:09:50", "temp": 29.0, "humi": 45.0}, {"time": "2022/08/01 12:10:01", "temp": 29.0, "humi": 45.0}, {"time": "2022/08/01 12:10:12", "temp": 29.0, "humi": 44.0}, {"time": "2022/08/01 12:10:22", "temp": 29.0, "humi": 45.0}, {"time": "2022/08/01 12:10:33", "temp": 29.0, "humi": 45.0}, {"time": "2022/08/01 12:10:45", "temp": 29.0, "humi": 45.0}, {"time": "2022/08/01 12:10:55", "temp": 29.0, "humi": 44.0}, {"time": "2022/08/01 12:11:05", "temp": 29.0, "humi": 45.0}, {"time": "2022/08/01 12:11:15", "temp": 29.0, "humi": 45.0}, {"time": "2022/08/01 12:11:28", "temp": 29.0, "humi": 44.0}, {"time": "2022/08/01 12:11:38", "temp": 29.0, "humi": 44.0}, {"time": "2022/08/01 12:11:49", "temp": 29.0, "humi": 45.0}, {"time": "2022/08/01 12:12:05", "temp": 29.0, "humi": 44.0}, {"time": "2022/08/01 12:12:15", "temp": 29.0, "humi": 45.0}, {"time": "2022/08/01 12:12:26", "temp": 29.0, "humi": 45.0}, {"time": "2022/08/01 12:12:36", "temp": 29.0, "humi": 45.0}, {"time": "2022/08/01 12:12:46", "temp": 29.0, "humi": 45.0}, {"time": "2022/08/01 12:12:56", "temp": 29.0, "humi": 45.0}, {"time": "2022/08/01 12:13:08", "temp": 29.0, "humi": 45.0}, {"time": "2022/08/01 12:13:20", "temp": 29.0, "humi": 44.0}, {"time": "2022/08/01 12:13:32", "temp": 29.0, "humi": 45.0}, {"time": "2022/08/01 12:13:42", "temp": 29.0, "humi": 44.0}, {"time": "2022/08/01 12:13:52", "temp": 29.0, "humi": 45.0}, {"time": "2022/08/01 12:14:02", "temp": 29.0, "humi": 45.0}, {"time": "2022/08/01 12:14:13", "temp": 29.0, "humi": 45.0}, {"time": "2022/08/01 12:14:23", "temp": 29.0, "humi": 45.0}, {"time": "2022/08/01 12:14:33", "temp": 29.0, "humi": 45.0}, {"time": "2022/08/01 12:14:44", "temp": 29.0, "humi": 45.0}, {"time": "2022/08/01 12:14:56", "temp": 29.0, "humi": 44.0}, {"time": "2022/08/01 12:15:07", "temp": 29.0, "humi": 44.0}, {"time": "2022/08/01 12:15:18", "temp": 29.0, "humi": 45.0}, {"time": "2022/08/01 12:15:28", "temp": 30.0, "humi": 44.0}, {"time": "2022/08/01 12:15:39", "temp": 29.0, "humi": 45.0}, {"time": "2022/08/01 12:15:49", "temp": 29.0, "humi": 45.0}, {"time": "2022/08/01 12:15:59", "temp": 29.0, "humi": 45.0}, {"time": "2022/08/01 12:16:10", "temp": 29.0, "humi": 45.0}, {"time": "2022/08/01 12:16:20", "temp": 29.0, "humi": 45.0}, {"time": "2022/08/01 12:16:33", "temp": 29.0, "humi": 44.0}, {"time": "2022/08/01 12:16:44", "temp": 29.0, "humi": 44.0}, {"time": "2022/08/01 12:16:54", "temp": 29.0, "humi": 48.0}, {"time": "2022/08/01 12:17:04", "temp": 29.0, "humi": 45.0}, {"time": "2022/08/01 12:17:14", "temp": 29.0, "humi": 45.0}, {"time": "2022/08/01 12:17:25", "temp": 29.0, "humi": 45.0}, {"time": "2022/08/01 12:17:35", "temp": 29.0, "humi": 45.0}, {"time": "2022/08/01 12:17:45", "temp": 29.0, "humi": 45.0}, {"time": "2022/08/01 12:17:56", "temp": 29.0, "humi": 45.0}, {"time": "2022/08/01 12:18:06", "temp": 29.0, "humi": 45.0}, {"time": "2022/08/01 12:18:16", "temp": 29.0, "humi": 45.0}, {"time": "2022/08/01 12:18:30", "temp": 29.0, "humi": 44.0}, {"time": "2022/08/01 12:18:42", "temp": 29.0, "humi": 44.0}, {"time": "2022/08/01 12:18:59", "temp": 30.0, "humi": 44.0}, {"time": "2022/08/01 12:19:10", "temp": 29.0, "humi": 45.0}, {"time": "2022/08/01 12:19:22", "temp": 29.0, "humi": 45.0}, {"time": "2022/08/01 12:19:32", "temp": 29.0, "humi": 44.0}, {"time": "2022/08/01 12:19:43", "temp": 29.0, "humi": 45.0}, {"time": "2022/08/01 12:19:54", "temp": 29.0, "humi": 45.0}, {"time": "2022/08/01 12:20:04", "temp": 29.0, "humi": 45.0}, {"time": "2022/08/01 12:20:16", "temp": 29.0, "humi": 44.0}, {"time": "2022/08/01 12:20:27", "temp": 29.0, "humi": 44.0}, {"time": "2022/08/01 12:20:49", "temp": 29.0, "humi": 44.0}, {"time": "2022/08/01 12:21:01", "temp": 29.0, "humi": 44.0}, {"time": "2022/08/01 12:21:13", "temp": 29.0, "humi": 45.0}, {"time": "2022/08/01 12:21:31", "temp": 29.0, "humi": 44.0}, {"time": "2022/08/01 12:21:43", "temp": 29.0, "humi": 44.0}, {"time": "2022/08/01 12:21:53", "temp": 29.0, "humi": 44.0}, {"time": "2022/08/01 12:22:04", "temp": 29.0, "humi": 45.0}, {"time": "2022/08/01 12:22:15", "temp": 29.0, "humi": 45.0}, {"time": "2022/08/01 12:22:25", "temp": 29.0, "humi": 44.0}, {"time": "2022/08/01 12:22:35", "temp": 29.0, "humi": 45.0}, {"time": "2022/08/01 12:22:46", "temp": 29.0, "humi": 45.0}, {"time": "2022/08/01 12:23:01", "temp": 30.0, "humi": 44.0}, {"time": "2022/08/01 12:23:14", "temp": 29.0, "humi": 44.0}, {"time": "2022/08/01 12:23:24", "temp": 29.0, "humi": 44.0}, {"time": "2022/08/01 12:23:34", "temp": 29.0, "humi": 45.0}, {"time": "2022/08/01 12:23:45", "temp": 29.0, "humi": 45.0}, {"time": "2022/08/01 12:23:56", "temp": 29.0, "humi": 45.0}, {"time": "2022/08/01 12:24:07", "temp": 29.0, "humi": 45.0}, {"time": "2022/08/01 12:24:18", "temp": 30.0, "humi": 44.0}, {"time": "2022/08/01 12:24:29", "temp": 29.0, "humi": 45.0}, {"time": "2022/08/01 12:24:39", "temp": 29.0, "humi": 44.0}, {"time": "2022/08/01 12:24:51", "temp": 29.0, "humi": 45.0}, {"time": "2022/08/01 12:25:11", "temp": 29.0, "humi": 44.0}, {"time": "2022/08/01 12:25:22", "temp": 30.0, "humi": 45.0}, {"time": "2022/08/01 12:25:33", "temp": 30.0, "humi": 45.0}, {"time": "2022/08/01 12:25:45", "temp": 30.0, "humi": 45.0}, {"time": "2022/08/01 12:25:56", "temp": 30.0, "humi": 45.0}, {"time": "2022/08/01 12:26:06", "temp": 29.0, "humi": 44.0}, {"time": "2022/08/01 12:26:17", "temp": 30.0, "humi": 46.0}, {"time": "2022/08/01 12:26:27", "temp": 29.0, "humi": 45.0}, {"time": "2022/08/01 12:26:37", "temp": 29.0, "humi": 45.0}, {"time": "2022/08/01 12:26:48", "temp": 30.0, "humi": 46.0}, {"time": "2022/08/01 12:26:58", "temp": 30.0, "humi": 45.0}, {"time": "2022/08/01 12:27:08", "temp": 30.0, "humi": 45.0}, {"time": "2022/08/01 12:27:18", "temp": 29.0, "humi": 45.0}, {"time": "2022/08/01 12:27:29", "temp": 30.0, "humi": 45.0}, {"time": "2022/08/01 12:27:40", "temp": 30.0, "humi": 45.0}, {"time": "2022/08/01 12:27:51", "temp": 29.0, "humi": 45.0}, {"time": "2022/08/01 12:28:03", "temp": 30.0, "humi": 45.0}, {"time": "2022/08/01 12:28:14", "temp": 30.0, "humi": 45.0}, {"time": "2022/08/01 12:28:24", "temp": 30.0, "humi": 45.0}, {"time": "2022/08/01 12:28:35", "temp": 30.0, "humi": 45.0}, {"time": "2022/08/01 12:28:45", "temp": 29.0, "humi": 46.0}, {"time": "2022/08/01 12:28:58", "temp": 30.0, "humi": 45.0}, {"time": "2022/08/01 12:29:09", "temp": 30.0, "humi": 45.0}, {"time": "2022/08/01 12:29:19", "temp": 29.0, "humi": 45.0}, {"time": "2022/08/01 12:29:30", "temp": 30.0, "humi": 45.0}, {"time": "2022/08/01 12:29:41", "temp": 29.0, "humi": 45.0}, {"time": "2022/08/01 12:29:51", "temp": 29.0, "humi": 44.0}, {"time": "2022/08/01 12:30:02", "temp": 30.0, "humi": 45.0}, {"time": "2022/08/01 12:30:13", "temp": 29.0, "humi": 46.0}, {"time": "2022/08/01 12:30:24", "temp": 29.0, "humi": 45.0}, {"time": "2022/08/01 12:30:34", "temp": 30.0, "humi": 46.0}, {"time": "2022/08/01 12:30:45", "temp": 29.0, "humi": 45.0}, {"time": "2022/08/01 12:30:56", "temp": 30.0, "humi": 45.0}, {"time": "2022/08/01 12:31:06", "temp": 30.0, "humi": 45.0}, {"time": "2022/08/01 12:31:17", "temp": 30.0, "humi": 45.0}, {"time": "2022/08/01 12:31:28", "temp": 30.0, "humi": 45.0}, {"time": "2022/08/01 12:31:38", "temp": 30.0, "humi": 45.0}, {"time": "2022/08/01 12:31:48", "temp": 29.0, "humi": 45.0}, {"time": "2022/08/01 12:32:01", "temp": 30.0, "humi": 44.0}, {"time": "2022/08/01 12:32:12", "temp": 30.0, "humi": 45.0}, {"time": "2022/08/01 12:32:24", "temp": 30.0, "humi": 45.0}, {"time": "2022/08/01 12:32:35", "temp": 30.0, "humi": 45.0}, {"time": "2022/08/01 12:32:45", "temp": 30.0, "humi": 45.0}, {"time": "2022/08/01 12:32:56", "temp": 29.0, "humi": 45.0}, {"time": "2022/08/01 12:33:06", "temp": 30.0, "humi": 45.0}, {"time": "2022/08/01 12:33:17", "temp": 30.0, "humi": 45.0}, {"time": "2022/08/01 12:33:27", "temp": 30.0, "humi": 45.0}, {"time": "2022/08/01 12:33:40", "temp": 30.0, "humi": 45.0}, {"time": "2022/08/01 12:33:50", "temp": 30.0, "humi": 45.0}, {"time": "2022/08/01 12:34:00", "temp": 30.0, "humi": 45.0}, {"time": "2022/08/01 12:34:12", "temp": 30.0, "humi": 45.0}, {"time": "2022/08/01 12:34:22", "temp": 30.0, "humi": 45.0}, {"time": "2022/08/01 12:34:34", "temp": 30.0, "humi": 45.0}, {"time": "2022/08/01 12:34:45", "temp": 30.0, "humi": 45.0}, {"time": "2022/08/01 12:34:55", "temp": 30.0, "humi": 45.0}, {"time": "2022/08/01 12:35:05", "temp": 30.0, "humi": 46.0}, {"time": "2022/08/01 12:35:17", "temp": 30.0, "humi": 45.0}, {"time": "2022/08/01 12:35:29", "temp": 30.0, "humi": 45.0}, {"time": "2022/08/01 12:35:39", "temp": 30.0, "humi": 45.0}, {"time": "2022/08/01 12:35:50", "temp": 30.0, "humi": 45.0}, {"time": "2022/08/01 12:36:00", "temp": 30.0, "humi": 45.0}, {"time": "2022/08/01 12:36:11", "temp": 30.0, "humi": 45.0}, {"time": "2022/08/01 12:36:23", "temp": 30.0, "humi": 45.0}, {"time": "2022/08/01 12:36:35", "temp": 30.0, "humi": 45.0}, {"time": "2022/08/01 12:36:48", "temp": 30.0, "humi": 45.0}, {"time": "2022/08/01 12:36:58", "temp": 30.0, "humi": 45.0}, {"time": "2022/08/01 12:37:08", "temp": 30.0, "humi": 45.0}, {"time": "2022/08/01 12:37:18", "temp": 30.0, "humi": 45.0}, {"time": "2022/08/01 12:37:29", "temp": 30.0, "humi": 45.0}, {"time": "2022/08/01 12:37:39", "temp": 29.0, "humi": 45.0}, {"time": "2022/08/01 12:37:51", "temp": 30.0, "humi": 46.0}, {"time": "2022/08/01 12:38:02", "temp": 30.0, "humi": 45.0}, {"time": "2022/08/01 12:38:12", "temp": 30.0, "humi": 45.0}, {"time": "2022/08/01 12:38:22", "temp": 30.0, "humi": 45.0}, {"time": "2022/08/01 12:38:34", "temp": 30.0, "humi": 46.0}, {"time": "2022/08/01 12:38:44", "temp": 30.0, "humi": 45.0}, {"time": "2022/08/01 12:38:54", "temp": 30.0, "humi": 45.0}, {"time": "2022/08/01 12:39:09", "temp": 30.0, "humi": 45.0}, {"time": "2022/08/01 12:39:19", "temp": 30.0, "humi": 45.0}, {"time": "2022/08/01 12:39:31", "temp": 30.0, "humi": 45.0}, {"time": "2022/08/01 12:39:42", "temp": 29.0, "humi": 45.0}, {"time": "2022/08/01 12:39:52", "temp": 30.0, "humi": 47.0}, {"time": "2022/08/01 12:40:02", "temp": 30.0, "humi": 45.0}, {"time": "2022/08/01 12:40:13", "temp": 30.0, "humi": 45.0}, {"time": "2022/08/01 12:40:23", "temp": 30.0, "humi": 45.0}, {"time": "2022/08/01 12:40:33", "temp": 30.0, "humi": 45.0}, {"time": "2022/08/01 12:40:44", "temp": 30.0, "humi": 45.0}, {"time": "2022/08/01 12:40:54", "temp": 30.0, "humi": 45.0}, {"time": "2022/08/01 12:41:06", "temp": 30.0, "humi": 45.0}, {"time": "2022/08/01 12:41:17", "temp": 30.0, "humi": 45.0}, {"time": "2022/08/01 12:41:29", "temp": 30.0, "humi": 45.0}, {"time": "2022/08/01 12:41:39", "temp": 30.0, "humi": 45.0}, {"time": "2022/08/01 12:41:50", "temp": 30.0, "humi": 45.0}, {"time": "2022/08/01 12:42:00", "temp": 30.0, "humi": 46.0}, {"time": "2022/08/01 12:42:12", "temp": 30.0, "humi": 45.0}, {"time": "2022/08/01 12:42:23", "temp": 30.0, "humi": 45.0}, {"time": "2022/08/01 12:42:33", "temp": 30.0, "humi": 46.0}, {"time": "2022/08/01 12:42:43", "temp": 30.0, "humi": 45.0}, {"time": "2022/08/01 12:42:54", "temp": 30.0, "humi": 47.0}, {"time": "2022/08/01 12:43:04", "temp": 30.0, "humi": 46.0}, {"time": "2022/08/01 12:43:14", "temp": 30.0, "humi": 45.0}, {"time": "2022/08/01 12:43:24", "temp": 30.0, "humi": 46.0}, {"time": "2022/08/01 12:43:38", "temp": 30.0, "humi": 45.0}, {"time": "2022/08/01 12:43:49", "temp": 30.0, "humi": 46.0}, {"time": "2022/08/01 12:43:59", "temp": 30.0, "humi": 45.0}, {"time": "2022/08/01 12:44:10", "temp": 30.0, "humi": 46.0}, {"time": "2022/08/01 12:44:20", "temp": 30.0, "humi": 46.0}, {"time": "2022/08/01 12:44:30", "temp": 30.0, "humi": 46.0}, {"time": "2022/08/01 12:44:41", "temp": 30.0, "humi": 46.0}, {"time": "2022/08/01 12:44:51", "temp": 30.0, "humi": 46.0}, {"time": "2022/08/01 12:45:01", "temp": 30.0, "humi": 45.0}, {"time": "2022/08/01 12:45:12", "temp": 30.0, "humi": 45.0}, {"time": "2022/08/01 12:45:23", "temp": 30.0, "humi": 46.0}, {"time": "2022/08/01 12:45:33", "temp": 30.0, "humi": 45.0}, {"time": "2022/08/01 12:45:43", "temp": 30.0, "humi": 46.0}, {"time": "2022/08/01 12:45:54", "temp": 30.0, "humi": 46.0}, {"time": "2022/08/01 12:46:05", "temp": 30.0, "humi": 45.0}, {"time": "2022/08/01 12:46:16", "temp": 30.0, "humi": 46.0}, {"time": "2022/08/01 12:46:28", "temp": 30.0, "humi": 46.0}, {"time": "2022/08/01 12:46:38", "temp": 30.0, "humi": 45.0}, {"time": "2022/08/01 12:46:48", "temp": 30.0, "humi": 48.0}, {"time": "2022/08/01 12:46:59", "temp": 30.0, "humi": 46.0}, {"time": "2022/08/01 12:47:11", "temp": 30.0, "humi": 45.0}, {"time": "2022/08/01 12:47:21", "temp": 30.0, "humi": 45.0}, {"time": "2022/08/01 12:47:32", "temp": 30.0, "humi": 46.0}, {"time": "2022/08/01 12:47:42", "temp": 30.0, "humi": 46.0}, {"time": "2022/08/01 12:47:53", "temp": 30.0, "humi": 46.0}, {"time": "2022/08/01 12:48:04", "temp": 30.0, "humi": 45.0}, {"time": "2022/08/01 12:48:15", "temp": 30.0, "humi": 46.0}, {"time": "2022/08/01 12:48:25", "temp": 30.0, "humi": 45.0}, {"time": "2022/08/01 12:48:38", "temp": 30.0, "humi": 45.0}, {"time": "2022/08/01 12:48:50", "temp": 30.0, "humi": 45.0}, {"time": "2022/08/01 12:49:01", "temp": 30.0, "humi": 46.0}, {"time": "2022/08/01 12:49:12", "temp": 30.0, "humi": 45.0}, {"time": "2022/08/01 12:49:22", "temp": 30.0, "humi": 45.0}, {"time": "2022/08/01 12:49:33", "temp": 30.0, "humi": 46.0}, {"time": "2022/08/01 12:49:46", "temp": 30.0, "humi": 45.0}, {"time": "2022/08/01 12:49:58", "temp": 30.0, "humi": 45.0}, {"time": "2022/08/01 12:50:10", "temp": 30.0, "humi": 46.0}, {"time": "2022/08/01 12:50:20", "temp": 30.0, "humi": 45.0}, {"time": "2022/08/01 12:50:30", "temp": 30.0, "humi": 46.0}, {"time": "2022/08/01 12:50:40", "temp": 30.0, "humi": 45.0}, {"time": "2022/08/01 12:50:51", "temp": 30.0, "humi": 49.0}, {"time": "2022/08/01 12:51:01", "temp": 30.0, "humi": 45.0}, {"time": "2022/08/01 12:51:11", "temp": 30.0, "humi": 46.0}, {"time": "2022/08/01 12:51:21", "temp": 30.0, "humi": 46.0}, {"time": "2022/08/01 12:51:32", "temp": 30.0, "humi": 46.0}, {"time": "2022/08/01 12:51:44", "temp": 30.0, "humi": 45.0}, {"time": "2022/08/01 12:51:56", "temp": 30.0, "humi": 46.0}, {"time": "2022/08/01 12:52:06", "temp": 30.0, "humi": 45.0}, {"time": "2022/08/01 12:52:16", "temp": 30.0, "humi": 46.0}, {"time": "2022/08/01 12:52:27", "temp": 30.0, "humi": 46.0}, {"time": "2022/08/01 12:52:38", "temp": 30.0, "humi": 45.0}, {"time": "2022/08/01 12:52:48", "temp": 30.0, "humi": 46.0}, {"time": "2022/08/01 12:52:59", "temp": 30.0, "humi": 46.0}, {"time": "2022/08/01 12:53:10", "temp": 30.0, "humi": 45.0}, {"time": "2022/08/01 12:53:20", "temp": 30.0, "humi": 46.0}, {"time": "2022/08/01 12:53:30", "temp": 30.0, "humi": 46.0}, {"time": "2022/08/01 12:53:40", "temp": 30.0, "humi": 46.0}, {"time": "2022/08/01 12:53:51", "temp": 30.0, "humi": 46.0}, {"time": "2022/08/01 12:54:01", "temp": 30.0, "humi": 46.0}, {"time": "2022/08/01 12:54:11", "temp": 30.0, "humi": 46.0}, {"time": "2022/08/01 12:54:24", "temp": 30.0, "humi": 45.0}, {"time": "2022/08/01 12:54:34", "temp": 30.0, "humi": 45.0}, {"time": "2022/08/01 12:54:44", "temp": 30.0, "humi": 46.0}, {"time": "2022/08/01 12:54:56", "temp": 30.0, "humi": 46.0}, {"time": "2022/08/01 12:55:08", "temp": 30.0, "humi": 45.0}, {"time": "2022/08/01 12:55:18", "temp": 30.0, "humi": 45.0}, {"time": "2022/08/01 12:55:31", "temp": 30.0, "humi": 45.0}, {"time": "2022/08/01 12:55:41", "temp": 30.0, "humi": 45.0}, {"time": "2022/08/01 12:55:51", "temp": 30.0, "humi": 46.0}, {"time": "2022/08/01 12:56:03", "temp": 30.0, "humi": 46.0}, {"time": "2022/08/01 12:56:14", "temp": 30.0, "humi": 45.0}, {"time": "2022/08/01 12:56:24", "temp": 30.0, "humi": 45.0}, {"time": "2022/08/01 12:56:34", "temp": 30.0, "humi": 46.0}, {"time": "2022/08/01 12:56:45", "temp": 30.0, "humi": 48.0}, {"time": "2022/08/01 12:56:55", "temp": 30.0, "humi": 45.0}, {"time": "2022/08/01 12:57:06", "temp": 30.0, "humi": 45.0}, {"time": "2022/08/01 12:57:17", "temp": 30.0, "humi": 45.0}, {"time": "2022/08/01 12:57:29", "temp": 30.0, "humi": 45.0}, {"time": "2022/08/01 12:57:42", "temp": 30.0, "humi": 45.0}, {"time": "2022/08/01 12:57:52", "temp": 30.0, "humi": 45.0}, {"time": "2022/08/01 12:58:02", "temp": 30.0, "humi": 46.0}, {"time": "2022/08/01 12:58:12", "temp": 30.0, "humi": 46.0}, {"time": "2022/08/01 12:58:23", "temp": 30.0, "humi": 46.0}, {"time": "2022/08/01 12:58:34", "temp": 30.0, "humi": 46.0}, {"time": "2022/08/01 12:58:44", "temp": 30.0, "humi": 45.0}, {"time": "2022/08/01 12:58:55", "temp": 30.0, "humi": 47.0}, {"time": "2022/08/01 12:59:06", "temp": 30.0, "humi": 46.0}, {"time": "2022/08/01 12:59:17", "temp": 30.0, "humi": 45.0}, {"time": "2022/08/01 12:59:27", "temp": 30.0, "humi": 45.0}, {"time": "2022/08/01 12:59:38", "temp": 30.0, "humi": 46.0}, {"time": "2022/08/01 12:59:48", "temp": 30.0, "humi": 46.0}, {"time": "2022/08/01 12:59:59", "temp": 30.0, "humi": 46.0}, {"time": "2022/08/01 13:00:11", "temp": 30.0, "humi": 46.0}, {"time": "2022/08/01 13:00:21", "temp": 30.0, "humi": 45.0}, {"time": "2022/08/01 13:00:31", "temp": 30.0, "humi": 46.0}, {"time": "2022/08/01 13:00:44", "temp": 30.0, "humi": 45.0}, {"time": "2022/08/01 13:00:54", "temp": 30.0, "humi": 45.0}, {"time": "2022/08/01 13:01:05", "temp": 30.0, "humi": 45.0}, {"time": "2022/08/01 13:01:16", "temp": 30.0, "humi": 45.0}, {"time": "2022/08/01 13:01:28", "temp": 30.0, "humi": 45.0}, {"time": "2022/08/01 13:01:38", "temp": 30.0, "humi": 45.0}, {"time": "2022/08/01 13:01:48", "temp": 30.0, "humi": 46.0}, {"time": "2022/08/01 13:01:59", "temp": 30.0, "humi": 46.0}, {"time": "2022/08/01 13:02:09", "temp": 30.0, "humi": 46.0}, {"time": "2022/08/01 13:02:19", "temp": 30.0, "humi": 46.0}, {"time": "2022/08/01 13:02:32", "temp": 30.0, "humi": 45.0}, {"time": "2022/08/01 13:02:43", "temp": 30.0, "humi": 46.0}, {"time": "2022/08/01 13:02:53", "temp": 30.0, "humi": 46.0}, {"time": "2022/08/01 13:03:06", "temp": 30.0, "humi": 45.0}, {"time": "2022/08/01 13:03:16", "temp": 30.0, "humi": 45.0}, {"time": "2022/08/01 13:03:27", "temp": 30.0, "humi": 46.0}, {"time": "2022/08/01 13:03:40", "temp": 30.0, "humi": 45.0}, {"time": "2022/08/01 13:03:50", "temp": 30.0, "humi": 45.0}, {"time": "2022/08/01 13:04:00", "temp": 30.0, "humi": 48.0}, {"time": "2022/08/01 13:04:12", "temp": 30.0, "humi": 46.0}, {"time": "2022/08/01 13:04:22", "temp": 30.0, "humi": 45.0}, {"time": "2022/08/01 13:04:37", "temp": 30.0, "humi": 45.0}, {"time": "2022/08/01 13:04:47", "temp": 30.0, "humi": 45.0}, {"time": "2022/08/01 13:04:59", "temp": 30.0, "humi": 45.0}, {"time": "2022/08/01 13:05:11", "temp": 30.0, "humi": 46.0}, {"time": "2022/08/01 13:05:22", "temp": 30.0, "humi": 46.0}, {"time": "2022/08/01 13:05:32", "temp": 30.0, "humi": 45.0}, {"time": "2022/08/01 13:05:44", "temp": 30.0, "humi": 46.0}, {"time": "2022/08/01 13:05:54", "temp": 30.0, "humi": 46.0}, {"time": "2022/08/01 13:06:04", "temp": 30.0, "humi": 46.0}, {"time": "2022/08/01 13:06:15", "temp": 30.0, "humi": 46.0}, {"time": "2022/08/01 13:06:25", "temp": 30.0, "humi": 46.0}, {"time": "2022/08/01 13:06:35", "temp": 30.0, "humi": 46.0}, {"time": "2022/08/01 13:06:45", "temp": 30.0, "humi": 46.0}, {"time": "2022/08/01 13:06:56", "temp": 30.0, "humi": 46.0}, {"time": "2022/08/01 13:07:06", "temp": 30.0, "humi": 46.0}, {"time": "2022/08/01 13:07:17", "temp": 30.0, "humi": 46.0}, {"time": "2022/08/01 13:07:27", "temp": 30.0, "humi": 46.0}, {"time": "2022/08/01 13:07:38", "temp": 30.0, "humi": 46.0}, {"time": "2022/08/01 13:07:48", "temp": 30.0, "humi": 46.0}, {"time": "2022/08/01 13:08:00", "temp": 30.0, "humi": 46.0}, {"time": "2022/08/01 13:08:11", "temp": 30.0, "humi": 45.0}, {"time": "2022/08/01 13:08:21", "temp": 30.0, "humi": 46.0}, {"time": "2022/08/01 13:08:31", "temp": 30.0, "humi": 46.0}, {"time": "2022/08/01 13:08:42", "temp": 30.0, "humi": 46.0}, {"time": "2022/08/01 13:08:52", "temp": 30.0, "humi": 46.0}, {"time": "2022/08/01 13:09:04", "temp": 30.0, "humi": 46.0}, {"time": "2022/08/01 13:09:15", "temp": 30.0, "humi": 46.0}, {"time": "2022/08/01 13:09:25", "temp": 30.0, "humi": 46.0}, {"time": "2022/08/01 13:09:35", "temp": 30.0, "humi": 46.0}, {"time": "2022/08/01 13:09:45", "temp": 30.0, "humi": 46.0}, {"time": "2022/08/01 13:09:56", "temp": 30.0, "humi": 46.0}, {"time": "2022/08/01 13:10:06", "temp": 30.0, "humi": 46.0}, {"time": "2022/08/01 13:10:16", "temp": 30.0, "humi": 46.0}, {"time": "2022/08/01 13:10:28", "temp": 30.0, "humi": 46.0}, {"time": "2022/08/01 13:10:38", "temp": 30.0, "humi": 46.0}, {"time": "2022/08/01 13:10:49", "temp": 30.0, "humi": 46.0}, {"time": "2022/08/01 13:11:00", "temp": 30.0, "humi": 51.0}, {"time": "2022/08/01 13:11:11", "temp": 30.0, "humi": 46.0}, {"time": "2022/08/01 13:11:21", "temp": 30.0, "humi": 46.0}, {"time": "2022/08/01 13:11:32", "temp": 30.0, "humi": 46.0}, {"time": "2022/08/01 13:11:42", "temp": 30.0, "humi": 46.0}, {"time": "2022/08/01 13:11:52", "temp": 30.0, "humi": 46.0}, {"time": "2022/08/01 13:12:02", "temp": 30.0, "humi": 46.0}, {"time": "2022/08/01 13:12:13", "temp": 30.0, "humi": 46.0}, {"time": "2022/08/01 13:12:27", "temp": 30.0, "humi": 45.0}, {"time": "2022/08/01 13:12:37", "temp": 30.0, "humi": 45.0}, {"time": "2022/08/01 13:12:49", "temp": 30.0, "humi": 46.0}, {"time": "2022/08/01 13:12:59", "temp": 30.0, "humi": 46.0}, {"time": "2022/08/01 13:13:09", "temp": 30.0, "humi": 47.0}, {"time": "2022/08/01 13:13:21", "temp": 30.0, "humi": 46.0}, {"time": "2022/08/01 13:13:31", "temp": 30.0, "humi": 46.0}, {"time": "2022/08/01 13:13:41", "temp": 30.0, "humi": 46.0}, {"time": "2022/08/01 13:13:53", "temp": 30.0, "humi": 46.0}, {"time": "2022/08/01 13:14:03", "temp": 30.0, "humi": 46.0}, {"time": "2022/08/01 13:14:13", "temp": 30.0, "humi": 46.0}, {"time": "2022/08/01 13:14:23", "temp": 30.0, "humi": 46.0}, {"time": "2022/08/01 13:14:34", "temp": 30.0, "humi": 46.0}, {"time": "2022/08/01 13:14:46", "temp": 30.0, "humi": 46.0}, {"time": "2022/08/01 13:14:57", "temp": 30.0, "humi": 46.0}, {"time": "2022/08/01 13:15:07", "temp": 30.0, "humi": 46.0}, {"time": "2022/08/01 13:15:17", "temp": 30.0, "humi": 51.0}, {"time": "2022/08/01 13:15:27", "temp": 30.0, "humi": 46.0}, {"time": "2022/08/01 13:15:38", "temp": 30.0, "humi": 46.0}, {"time": "2022/08/01 13:15:48", "temp": 30.0, "humi": 51.0}, {"time": "2022/08/01 13:15:58", "temp": 30.0, "humi": 46.0}, {"time": "2022/08/01 13:16:09", "temp": 30.0, "humi": 46.0}, {"time": "2022/08/01 13:16:20", "temp": 30.0, "humi": 46.0}, {"time": "2022/08/01 13:16:30", "temp": 30.0, "humi": 46.0}, {"time": "2022/08/01 13:16:41", "temp": 30.0, "humi": 46.0}, {"time": "2022/08/01 13:16:52", "temp": 30.0, "humi": 46.0}, {"time": "2022/08/01 13:17:02", "temp": 30.0, "humi": 46.0}, {"time": "2022/08/01 13:17:12", "temp": 30.0, "humi": 46.0}, {"time": "2022/08/01 13:17:23", "temp": 30.0, "humi": 46.0}, {"time": "2022/08/01 13:17:34", "temp": 30.0, "humi": 46.0}, {"time": "2022/08/01 13:17:45", "temp": 30.0, "humi": 46.0}, {"time": "2022/08/01 13:17:56", "temp": 30.0, "humi": 46.0}, {"time": "2022/08/01 13:18:09", "temp": 30.0, "humi": 46.0}, {"time": "2022/08/01 13:18:19", "temp": 30.0, "humi": 45.0}, {"time": "2022/08/01 13:18:29", "temp": 30.0, "humi": 46.0}, {"time": "2022/08/01 13:18:40", "temp": 30.0, "humi": 52.0}, {"time": "2022/08/01 13:18:50", "temp": 30.0, "humi": 46.0}, {"time": "2022/08/01 13:19:00", "temp": 30.0, "humi": 46.0}, {"time": "2022/08/01 13:19:12", "temp": 30.0, "humi": 46.0}, {"time": "2022/08/01 13:19:22", "temp": 30.0, "humi": 46.0}, {"time": "2022/08/01 13:19:33", "temp": 30.0, "humi": 46.0}, {"time": "2022/08/01 13:19:45", "temp": 30.0, "humi": 46.0}, {"time": "2022/08/01 13:19:56", "temp": 30.0, "humi": 46.0}, {"time": "2022/08/01 13:20:06", "temp": 30.0, "humi": 46.0}, {"time": "2022/08/01 13:20:18", "temp": 30.0, "humi": 46.0}, {"time": "2022/08/01 13:20:28", "temp": 30.0, "humi": 46.0}, {"time": "2022/08/01 13:20:38", "temp": 30.0, "humi": 51.0}, {"time": "2022/08/01 13:20:49", "temp": 30.0, "humi": 46.0}, {"time": "2022/08/01 13:21:00", "temp": 30.0, "humi": 46.0}, {"time": "2022/08/01 13:21:11", "temp": 30.0, "humi": 46.0}, {"time": "2022/08/01 13:21:21", "temp": 30.0, "humi": 46.0}, {"time": "2022/08/01 13:21:32", "temp": 30.0, "humi": 46.0}, {"time": "2022/08/01 13:21:42", "temp": 30.0, "humi": 46.0}, {"time": "2022/08/01 13:21:53", "temp": 30.0, "humi": 46.0}, {"time": "2022/08/01 13:22:03", "temp": 30.0, "humi": 46.0}, {"time": "2022/08/01 13:22:14", "temp": 30.0, "humi": 46.0}, {"time": "2022/08/01 13:22:24", "temp": 30.0, "humi": 46.0}, {"time": "2022/08/01 13:22:36", "temp": 30.0, "humi": 46.0}, {"time": "2022/08/01 13:22:47", "temp": 30.0, "humi": 46.0}, {"time": "2022/08/01 13:22:58", "temp": 30.0, "humi": 46.0}, {"time": "2022/08/01 13:23:08", "temp": 30.0, "humi": 46.0}, {"time": "2022/08/01 13:23:20", "temp": 30.0, "humi": 46.0}, {"time": "2022/08/01 13:23:30", "temp": 30.0, "humi": 46.0}, {"time": "2022/08/01 13:23:40", "temp": 30.0, "humi": 46.0}, {"time": "2022/08/01 13:23:51", "temp": 30.0, "humi": 46.0}, {"time": "2022/08/01 13:24:03", "temp": 30.0, "humi": 46.0}, {"time": "2022/08/01 13:24:14", "temp": 30.0, "humi": 46.0}, {"time": "2022/08/01 13:24:24", "temp": 30.0, "humi": 46.0}, {"time": "2022/08/01 13:24:34", "temp": 30.0, "humi": 46.0}, {"time": "2022/08/01 13:24:44", "temp": 30.0, "humi": 46.0}, {"time": "2022/08/01 13:24:55", "temp": 30.0, "humi": 46.0}, {"time": "2022/08/01 13:25:05", "temp": 30.0, "humi": 46.0}, {"time": "2022/08/01 13:25:15", "temp": 30.0, "humi": 46.0}, {"time": "2022/08/01 13:25:25", "temp": 30.0, "humi": 46.0}, {"time": "2022/08/01 13:25:36", "temp": 30.0, "humi": 46.0}, {"time": "2022/08/01 13:25:46", "temp": 30.0, "humi": 46.0}, {"time": "2022/08/01 13:25:56", "temp": 30.0, "humi": 46.0}, {"time": "2022/08/01 13:26:07", "temp": 30.0, "humi": 50.0}, {"time": "2022/08/01 13:26:17", "temp": 30.0, "humi": 46.0}, {"time": "2022/08/01 13:26:27", "temp": 30.0, "humi": 46.0}, {"time": "2022/08/01 13:26:40", "temp": 30.0, "humi": 46.0}, {"time": "2022/08/01 13:26:51", "temp": 30.0, "humi": 46.0}, {"time": "2022/08/01 13:27:02", "temp": 30.0, "humi": 46.0}, {"time": "2022/08/01 13:27:13", "temp": 30.0, "humi": 46.0}, {"time": "2022/08/01 13:27:23", "temp": 30.0, "humi": 46.0}, {"time": "2022/08/01 13:27:34", "temp": 30.0, "humi": 46.0}, {"time": "2022/08/01 13:27:45", "temp": 30.0, "humi": 48.0}, {"time": "2022/08/01 13:27:55", "temp": 30.0, "humi": 46.0}, {"time": "2022/08/01 13:28:05", "temp": 30.0, "humi": 46.0}, {"time": "2022/08/01 13:28:17", "temp": 30.0, "humi": 46.0}, {"time": "2022/08/01 13:28:27", "temp": 30.0, "humi": 46.0}, {"time": "2022/08/01 13:28:37", "temp": 30.0, "humi": 46.0}, {"time": "2022/08/01 13:28:47", "temp": 30.0, "humi": 46.0}, {"time": "2022/08/01 13:28:59", "temp": 30.0, "humi": 46.0}, {"time": "2022/08/01 13:29:09", "temp": 30.0, "humi": 46.0}, {"time": "2022/08/01 13:29:19", "temp": 30.0, "humi": 51.0}, {"time": "2022/08/01 13:29:31", "temp": 30.0, "humi": 46.0}, {"time": "2022/08/01 13:29:41", "temp": 30.0, "humi": 46.0}, {"time": "2022/08/01 13:29:51", "temp": 30.0, "humi": 46.0}, {"time": "2022/08/01 13:30:02", "temp": 30.0, "humi": 46.0}, {"time": "2022/08/01 13:30:12", "temp": 30.0, "humi": 46.0}, {"time": "2022/08/01 13:30:24", "temp": 30.0, "humi": 46.0}, {"time": "2022/08/01 13:30:35", "temp": 30.0, "humi": 46.0}, {"time": "2022/08/01 13:30:45", "temp": 30.0, "humi": 46.0}, {"time": "2022/08/01 13:30:55", "temp": 30.0, "humi": 46.0}, {"time": "2022/08/01 13:31:07", "temp": 30.0, "humi": 46.0}, {"time": "2022/08/01 13:31:17", "temp": 30.0, "humi": 46.0}, {"time": "2022/08/01 13:31:27", "temp": 30.0, "humi": 46.0}, {"time": "2022/08/01 13:31:37", "temp": 30.0, "humi": 46.0}, {"time": "2022/08/01 13:31:48", "temp": 30.0, "humi": 46.0}, {"time": "2022/08/01 13:31:59", "temp": 30.0, "humi": 46.0}, {"time": "2022/08/01 13:32:12", "temp": 30.0, "humi": 46.0}, {"time": "2022/08/01 13:32:22", "temp": 30.0, "humi": 46.0}, {"time": "2022/08/01 13:32:32", "temp": 30.0, "humi": 46.0}, {"time": "2022/08/01 13:32:42", "temp": 30.0, "humi": 46.0}, {"time": "2022/08/01 13:32:53", "temp": 30.0, "humi": 51.0}, {"time": "2022/08/01 13:33:03", "temp": 30.0, "humi": 46.0}, {"time": "2022/08/01 13:33:13", "temp": 30.0, "humi": 46.0}, {"time": "2022/08/01 13:33:24", "temp": 30.0, "humi": 46.0}, {"time": "2022/08/01 13:33:34", "temp": 30.0, "humi": 46.0}, {"time": "2022/08/01 13:33:45", "temp": 30.0, "humi": 46.0}, {"time": "2022/08/01 13:33:57", "temp": 30.0, "humi": 46.0}, {"time": "2022/08/01 13:34:07", "temp": 30.0, "humi": 46.0}, {"time": "2022/08/01 13:34:19", "temp": 30.0, "humi": 46.0}, {"time": "2022/08/01 13:34:30", "temp": 30.0, "humi": 46.0}, {"time": "2022/08/01 13:34:40", "temp": 30.0, "humi": 46.0}, {"time": "2022/08/01 13:34:52", "temp": 30.0, "humi": 46.0}, {"time": "2022/08/01 13:35:03", "temp": 30.0, "humi": 46.0}, {"time": "2022/08/01 13:35:13", "temp": 30.0, "humi": 46.0}, {"time": "2022/08/01 13:35:23", "temp": 30.0, "humi": 46.0}, {"time": "2022/08/01 13:35:34", "temp": 30.0, "humi": 46.0}, {"time": "2022/08/01 13:35:45", "temp": 30.0, "humi": 46.0}, {"time": "2022/08/01 13:35:56", "temp": 30.0, "humi": 46.0}, {"time": "2022/08/01 13:36:09", "temp": 30.0, "humi": 46.0}, {"time": "2022/08/01 13:36:19", "temp": 30.0, "humi": 46.0}, {"time": "2022/08/01 13:36:30", "temp": 30.0, "humi": 46.0}, {"time": "2022/08/01 13:36:42", "temp": 30.0, "humi": 46.0}, {"time": "2022/08/01 13:36:52", "temp": 30.0, "humi": 46.0}, {"time": "2022/08/01 13:37:03", "temp": 30.0, "humi": 46.0}, {"time": "2022/08/01 13:37:13", "temp": 30.0, "humi": 46.0}, {"time": "2022/08/01 13:37:27", "temp": 30.0, "humi": 46.0}, {"time": "2022/08/01 13:37:38", "temp": 30.0, "humi": 46.0}, {"time": "2022/08/01 13:37:48", "temp": 30.0, "humi": 46.0}, {"time": "2022/08/01 13:38:01", "temp": 30.0, "humi": 46.0}, {"time": "2022/08/01 13:38:13", "temp": 30.0, "humi": 46.0}, {"time": "2022/08/01 13:38:24", "temp": 30.0, "humi": 46.0}, {"time": "2022/08/01 13:38:36", "temp": 30.0, "humi": 46.0}, {"time": "2022/08/01 13:38:46", "temp": 30.0, "humi": 46.0}, {"time": "2022/08/01 13:38:58", "temp": 30.0, "humi": 46.0}, {"time": "2022/08/01 13:39:09", "temp": 30.0, "humi": 46.0}, {"time": "2022/08/01 13:39:21", "temp": 30.0, "humi": 46.0}, {"time": "2022/08/01 13:39:33", "temp": 30.0, "humi": 46.0}, {"time": "2022/08/01 13:39:43", "temp": 30.0, "humi": 46.0}, {"time": "2022/08/01 13:39:53", "temp": 30.0, "humi": 46.0}, {"time": "2022/08/01 13:40:04", "temp": 30.0, "humi": 46.0}, {"time": "2022/08/01 13:40:17", "temp": 30.0, "humi": 46.0}, {"time": "2022/08/01 13:40:27", "temp": 30.0, "humi": 46.0}, {"time": "2022/08/01 13:40:40", "temp": 30.0, "humi": 46.0}, {"time": "2022/08/01 13:40:51", "temp": 30.0, "humi": 46.0}, {"time": "2022/08/01 13:41:01", "temp": 30.0, "humi": 46.0}, {"time": "2022/08/01 13:41:12", "temp": 30.0, "humi": 46.0}, {"time": "2022/08/01 13:41:22", "temp": 30.0, "humi": 46.0}, {"time": "2022/08/01 13:41:32", "temp": 30.0, "humi": 46.0}, {"time": "2022/08/01 13:41:43", "temp": 30.0, "humi": 46.0}, {"time": "2022/08/01 13:41:55", "temp": 30.0, "humi": 46.0}, {"time": "2022/08/01 13:42:05", "temp": 30.0, "humi": 46.0}, {"time": "2022/08/01 13:42:15", "temp": 30.0, "humi": 46.0}, {"time": "2022/08/01 13:42:26", "temp": 30.0, "humi": 46.0}, {"time": "2022/08/01 13:42:37", "temp": 30.0, "humi": 46.0}, {"time": "2022/08/01 13:42:48", "temp": 30.0, "humi": 46.0}, {"time": "2022/08/01 13:42:59", "temp": 30.0, "humi": 46.0}, {"time": "2022/08/01 13:43:09", "temp": 30.0, "humi": 46.0}, {"time": "2022/08/01 13:43:19", "temp": 30.0, "humi": 46.0}, {"time": "2022/08/01 13:43:29", "temp": 30.0, "humi": 46.0}, {"time": "2022/08/01 13:43:40", "temp": 30.0, "humi": 46.0}, {"time": "2022/08/01 13:43:50", "temp": 30.0, "humi": 46.0}, {"time": "2022/08/01 13:44:02", "temp": 30.0, "humi": 46.0}, {"time": "2022/08/01 13:44:13", "temp": 30.0, "humi": 46.0}, {"time": "2022/08/01 13:44:23", "temp": 30.0, "humi": 46.0}, {"time": "2022/08/01 13:44:33", "temp": 30.0, "humi": 46.0}, {"time": "2022/08/01 13:44:45", "temp": 30.0, "humi": 46.0}, {"time": "2022/08/01 13:44:55", "temp": 30.0, "humi": 46.0}, {"time": "2022/08/01 13:45:07", "temp": 30.0, "humi": 46.0}, {"time": "2022/08/01 13:45:17", "temp": 30.0, "humi": 45.0}, {"time": "2022/08/01 13:45:28", "temp": 30.0, "humi": 46.0}, {"time": "2022/08/01 13:45:38", "temp": 30.0, "humi": 46.0}, {"time": "2022/08/01 13:45:48", "temp": 30.0, "humi": 46.0}, {"time": "2022/08/01 13:45:59", "temp": 30.0, "humi": 46.0}, {"time": "2022/08/01 13:46:09", "temp": 30.0, "humi": 51.0}, {"time": "2022/08/01 13:46:20", "temp": 30.0, "humi": 46.0}, {"time": "2022/08/01 13:46:31", "temp": 30.0, "humi": 46.0}, {"time": "2022/08/01 13:46:41", "temp": 30.0, "humi": 46.0}, {"time": "2022/08/01 13:46:51", "temp": 30.0, "humi": 46.0}, {"time": "2022/08/01 13:47:01", "temp": 30.0, "humi": 46.0}, {"time": "2022/08/01 13:47:14", "temp": 30.0, "humi": 46.0}, {"time": "2022/08/01 13:47:24", "temp": 30.0, "humi": 46.0}, {"time": "2022/08/01 13:47:34", "temp": 30.0, "humi": 46.0}, {"time": "2022/08/01 13:47:46", "temp": 30.0, "humi": 46.0}, {"time": "2022/08/01 13:47:56", "temp": 30.0, "humi": 46.0}, {"time": "2022/08/01 13:48:06", "temp": 30.0, "humi": 46.0}, {"time": "2022/08/01 13:48:16", "temp": 30.0, "humi": 46.0}, {"time": "2022/08/01 13:48:27", "temp": 30.0, "humi": 46.0}, {"time": "2022/08/01 13:48:38", "temp": 30.0, "humi": 46.0}, {"time": "2022/08/01 13:48:48", "temp": 30.0, "humi": 46.0}, {"time": "2022/08/01 13:48:59", "temp": 30.0, "humi": 46.0}, {"time": "2022/08/01 13:49:09", "temp": 30.0, "humi": 46.0}, {"time": "2022/08/01 13:49:19", "temp": 30.0, "humi": 46.0}, {"time": "2022/08/01 13:49:29", "temp": 30.0, "humi": 46.0}, {"time": "2022/08/01 13:49:40", "temp": 30.0, "humi": 46.0}, {"time": "2022/08/01 13:49:52", "temp": 30.0, "humi": 46.0}, {"time": "2022/08/01 13:50:02", "temp": 30.0, "humi": 46.0}, {"time": "2022/08/01 13:50:13", "temp": 30.0, "humi": 46.0}, {"time": "2022/08/01 13:50:24", "temp": 30.0, "humi": 46.0}, {"time": "2022/08/01 13:50:34", "temp": 30.0, "humi": 46.0}, {"time": "2022/08/01 13:50:45", "temp": 30.0, "humi": 46.0}, {"time": "2022/08/01 13:50:56", "temp": 30.0, "humi": 49.0}, {"time": "2022/08/01 13:51:06", "temp": 30.0, "humi": 46.0}, {"time": "2022/08/01 13:51:16", "temp": 30.0, "humi": 47.0}, {"time": "2022/08/01 13:51:28", "temp": 30.0, "humi": 47.0}, {"time": "2022/08/01 13:51:38", "temp": 30.0, "humi": 46.0}, {"time": "2022/08/01 13:51:50", "temp": 30.0, "humi": 50.0}, {"time": "2022/08/01 13:52:01", "temp": 30.0, "humi": 46.0}, {"time": "2022/08/01 13:52:11", "temp": 30.0, "humi": 47.0}, {"time": "2022/08/01 13:52:22", "temp": 30.0, "humi": 47.0}, {"time": "2022/08/01 13:52:34", "temp": 30.0, "humi": 46.0}, {"time": "2022/08/01 13:52:44", "temp": 30.0, "humi": 46.0}, {"time": "2022/08/01 13:52:54", "temp": 30.0, "humi": 47.0}, {"time": "2022/08/01 13:53:08", "temp": 30.0, "humi": 46.0}, {"time": "2022/08/01 13:53:18", "temp": 30.0, "humi": 46.0}, {"time": "2022/08/01 13:53:34", "temp": 30.0, "humi": 46.0}, {"time": "2022/08/01 13:53:44", "temp": 30.0, "humi": 46.0}, {"time": "2022/08/01 13:53:55", "temp": 30.0, "humi": 47.0}, {"time": "2022/08/01 13:54:06", "temp": 30.0, "humi": 46.0}, {"time": "2022/08/01 13:54:16", "temp": 30.0, "humi": 48.0}, {"time": "2022/08/01 13:54:26", "temp": 30.0, "humi": 47.0}, {"time": "2022/08/01 13:54:38", "temp": 30.0, "humi": 46.0}, {"time": "2022/08/01 13:54:49", "temp": 30.0, "humi": 46.0}, {"time": "2022/08/01 13:54:59", "temp": 30.0, "humi": 47.0}, {"time": "2022/08/01 13:55:09", "temp": 30.0, "humi": 47.0}, {"time": "2022/08/01 13:55:20", "temp": 30.0, "humi": 47.0}, {"time": "2022/08/01 13:55:32", "temp": 30.0, "humi": 46.0}, {"time": "2022/08/01 13:55:42", "temp": 30.0, "humi": 46.0}, {"time": "2022/08/01 13:55:55", "temp": 30.0, "humi": 46.0}, {"time": "2022/08/01 13:56:05", "temp": 30.0, "humi": 46.0}, {"time": "2022/08/01 13:56:15", "temp": 30.0, "humi": 47.0}, {"time": "2022/08/01 13:56:26", "temp": 30.0, "humi": 47.0}, {"time": "2022/08/01 13:56:36", "temp": 30.0, "humi": 47.0}, {"time": "2022/08/01 13:56:47", "temp": 30.0, "humi": 47.0}, {"time": "2022/08/01 13:56:58", "temp": 30.0, "humi": 46.0}, {"time": "2022/08/01 13:57:08", "temp": 30.0, "humi": 52.0}, {"time": "2022/08/01 13:57:18", "temp": 30.0, "humi": 47.0}, {"time": "2022/08/01 13:57:31", "temp": 30.0, "humi": 46.0}, {"time": "2022/08/01 13:57:41", "temp": 30.0, "humi": 46.0}, {"time": "2022/08/01 13:57:51", "temp": 30.0, "humi": 52.0}, {"time": "2022/08/01 13:58:05", "temp": 30.0, "humi": 46.0}, {"time": "2022/08/01 13:58:15", "temp": 30.0, "humi": 46.0}, {"time": "2022/08/01 13:58:25", "temp": 30.0, "humi": 52.0}, {"time": "2022/08/01 13:58:36", "temp": 30.0, "humi": 47.0}, {"time": "2022/08/01 13:58:46", "temp": 30.0, "humi": 47.0}, {"time": "2022/08/01 13:58:58", "temp": 30.0, "humi": 46.0}, {"time": "2022/08/01 13:59:09", "temp": 30.0, "humi": 46.0}, {"time": "2022/08/01 13:59:20", "temp": 30.0, "humi": 47.0}, {"time": "2022/08/01 13:59:31", "temp": 30.0, "humi": 47.0}, {"time": "2022/08/01 13:59:42", "temp": 30.0, "humi": 46.0}, {"time": "2022/08/01 13:59:53", "temp": 30.0, "humi": 47.0}, {"time": "2022/08/01 14:00:05", "temp": 30.0, "humi": 46.0}, {"time": "2022/08/01 14:00:16", "temp": 30.0, "humi": 46.0}, {"time": "2022/08/01 14:00:26", "temp": 30.0, "humi": 47.0}, {"time": "2022/08/01 14:00:38", "temp": 30.0, "humi": 47.0}, {"time": "2022/08/01 14:00:49", "temp": 30.0, "humi": 52.0}, {"time": "2022/08/01 14:01:00", "temp": 30.0, "humi": 51.0}, {"time": "2022/08/01 14:01:13", "temp": 14.0, "humi": 50.0}, {"time": "2022/08/01 14:01:23", "temp": 30.0, "humi": 48.0}, {"time": "2022/08/01 14:01:35", "temp": 30.0, "humi": 48.0}, {"time": "2022/08/01 14:01:46", "temp": 30.0, "humi": 48.0}, {"time": "2022/08/02 22:36:29", "temp": 27.0, "humi": 46.0}, {"time": "2022/08/02 22:36:50", "temp": 27.0, "humi": 48.0}, {"time": "2022/08/02 22:37:12", "temp": 27.0, "humi": 48.0}, {"time": "2022/08/02 22:37:22", "temp": 27.0, "humi": 46.0}, {"time": "2022/08/02 22:37:35", "temp": 27.0, "humi": 46.0}, {"time": "2022/08/02 22:37:45", "temp": 27.0, "humi": 46.0}, {"time": "2022/08/02 22:37:58", "temp": 27.0, "humi": 47.0}, {"time": "2022/08/02 22:38:09", "temp": 27.0, "humi": 46.0}, {"time": "2022/08/02 22:38:21", "temp": 27.0, "humi": 46.0}, {"time": "2022/08/02 22:38:32", "temp": 27.0, "humi": 46.0}, {"time": "2022/08/02 22:38:43", "temp": 27.0, "humi": 47.0}, {"time": "2022/08/02 22:38:54", "temp": 27.0, "humi": 49.0}, {"time": "2022/08/02 22:39:05", "temp": 27.0, "humi": 46.0}, {"time": "2022/08/02 22:39:15", "temp": 27.0, "humi": 47.0}, {"time": "2022/08/02 22:39:28", "temp": 27.0, "humi": 46.0}, {"time": "2022/08/02 22:39:38", "temp": 27.0, "humi": 46.0}, {"time": "2022/08/02 22:39:49", "temp": 27.0, "humi": 47.0}, {"time": "2022/08/02 22:39:59", "temp": 27.0, "humi": 46.0}, {"time": "2022/08/02 22:40:12", "temp": 27.0, "humi": 46.0}, {"time": "2022/08/02 22:40:22", "temp": 27.0, "humi": 46.0}, {"time": "2022/08/09 12:40:51", "temp": 18.0, "humi": 35.0}, {"time": "2022/08/09 12:41:01", "temp": 18.0, "humi": 31.0}]