[{"time": "2022/08/01 14:37:09", "temp": 26.0, "humi": 41.0, "cpu": 42.8}, {"time": "2022/08/01 14:37:22", "temp": 25.0, "humi": 40.0, "cpu": 41.7}, {"time": "2022/08/01 14:37:34", "temp": 25.0, "humi": 41.0, "cpu": 41.2}, {"time": "2022/08/01 14:37:48", "temp": 25.0, "humi": 39.0, "cpu": 41.2}, {"time": "2022/08/01 14:38:02", "temp": 25.0, "humi": 39.0, "cpu": 41.2}, {"time": "2022/08/01 14:38:13", "temp": 25.0, "humi": 41.0, "cpu": 41.2}, {"time": "2022/08/01 14:38:27", "temp": 25.0, "humi": 38.0, "cpu": 41.7}, {"time": "2022/08/01 14:38:41", "temp": 25.0, "humi": 39.0, "cpu": 41.7}, {"time": "2022/08/01 14:38:52", "temp": 25.0, "humi": 40.0, "cpu": 41.2}, {"time": "2022/08/01 14:39:02", "temp": 25.0, "humi": 39.0, "cpu": 41.2}, {"time": "2022/08/01 14:39:21", "temp": 25.0, "humi": 39.0, "cpu": 41.2}, {"time": "2022/08/01 14:39:33", "temp": 25.0, "humi": 41.0, "cpu": 40.6}, {"time": "2022/08/01 14:39:43", "temp": 25.0, "humi": 42.0, "cpu": 41.2}, {"time": "2022/08/01 14:39:53", "temp": 25.0, "humi": 41.0, "cpu": 41.2}, {"time": "2022/08/01 14:40:04", "temp": 25.0, "humi": 41.0, "cpu": 40.6}, {"time": "2022/08/01 14:40:15", "temp": 25.0, "humi": 42.0, "cpu": 41.2}, {"time": "2022/08/01 14:40:26", "temp": 25.0, "humi": 40.0, "cpu": 41.2}, {"time": "2022/08/01 14:40:37", "temp": 25.0, "humi": 41.0, "cpu": 41.2}, {"time": "2022/08/01 14:40:49", "temp": 25.0, "humi": 39.0, "cpu": 40.6}, {"time": "2022/08/01 14:41:02", "temp": 25.0, "humi": 39.0, "cpu": 41.2}, {"time": "2022/08/01 14:41:14", "temp": 25.0, "humi": 39.0, "cpu": 41.2}, {"time": "2022/08/01 14:41:25", "temp": 25.0, "humi": 40.0, "cpu": 41.2}, {"time": "2022/08/01 14:41:37", "temp": 25.0, "humi": 40.0, "cpu": 40.6}, {"time": "2022/08/01 14:41:48", "temp": 25.0, "humi": 40.0, "cpu": 41.2}, {"time": "2022/08/01 14:42:01", "temp": 25.0, "humi": 39.0, "cpu": 41.2}, {"time": "2022/08/01 14:42:13", "temp": 25.0, "humi": 38.0, "cpu": 41.2}, {"time": "2022/08/01 14:42:23", "temp": 25.0, "humi": 39.0, "cpu": 40.6}, {"time": "2022/08/01 14:42:36", "temp": 25.0, "humi": 39.0, "cpu": 41.2}, {"time": "2022/08/01 14:42:46", "temp": 25.0, "humi": 37.0, "cpu": 40.6}, {"time": "2022/08/01 14:42:58", "temp": 25.0, "humi": 39.0, "cpu": 41.2}, {"time": "2022/08/01 14:43:12", "temp": 25.0, "humi": 36.0, "cpu": 41.2}, {"time": "2022/08/01 14:43:24", "temp": 25.0, "humi": 39.0, "cpu": 41.2}, {"time": "2022/08/01 14:43:36", "temp": 25.0, "humi": 37.0, "cpu": 41.2}, {"time": "2022/08/01 14:43:47", "temp": 25.0, "humi": 39.0, "cpu": 41.2}, {"time": "2022/08/01 14:43:59", "temp": 25.0, "humi": 39.0, "cpu": 41.2}, {"time": "2022/08/01 14:44:09", "temp": 25.0, "humi": 40.0, "cpu": 40.6}, {"time": "2022/08/01 14:44:23", "temp": 25.0, "humi": 36.0, "cpu": 41.2}, {"time": "2022/08/01 14:44:35", "temp": 25.0, "humi": 36.0, "cpu": 41.2}, {"time": "2022/08/01 14:44:49", "temp": 25.0, "humi": 36.0, "cpu": 41.2}, {"time": "2022/08/01 14:45:02", "temp": 25.0, "humi": 34.0, "cpu": 41.2}, {"time": "2022/08/01 14:45:14", "temp": 25.0, "humi": 38.0, "cpu": 40.6}, {"time": "2022/08/01 14:45:25", "temp": 25.0, "humi": 39.0, "cpu": 40.6}, {"time": "2022/08/01 14:45:37", "temp": 25.0, "humi": 39.0, "cpu": 40.6}, {"time": "2022/08/01 14:45:48", "temp": 25.0, "humi": 38.0, "cpu": 40.6}, {"time": "2022/08/01 14:46:04", "temp": 25.0, "humi": 34.0, "cpu": 41.2}, {"time": "2022/08/01 14:46:15", "temp": 25.0, "humi": 39.0, "cpu": 41.2}, {"time": "2022/08/01 14:46:28", "temp": 25.0, "humi": 35.0, "cpu": 40.6}, {"time": "2022/08/01 14:46:39", "temp": 25.0, "humi": 39.0, "cpu": 40.6}, {"time": "2022/08/01 14:46:54", "temp": 25.0, "humi": 34.0, "cpu": 40.6}, {"time": "2022/08/01 14:47:07", "temp": 25.0, "humi": 35.0, "cpu": 41.2}, {"time": "2022/08/01 14:47:21", "temp": 25.0, "humi": 36.0, "cpu": 41.2}, {"time": "2022/08/01 14:47:32", "temp": 25.0, "humi": 39.0, "cpu": 40.1}, {"time": "2022/08/01 14:47:43", "temp": 25.0, "humi": 39.0, "cpu": 40.1}, {"time": "2022/08/01 14:47:54", "temp": 25.0, "humi": 41.0, "cpu": 40.6}, {"time": "2022/08/01 14:48:06", "temp": 25.0, "humi": 36.0, "cpu": 41.2}, {"time": "2022/08/01 14:48:16", "temp": 25.0, "humi": 35.0, "cpu": 40.1}, {"time": "2022/08/01 14:48:27", "temp": 25.0, "humi": 42.0, "cpu": 40.1}, {"time": "2022/08/01 14:48:37", "temp": 25.0, "humi": 38.0, "cpu": 40.6}, {"time": "2022/08/01 14:48:47", "temp": 25.0, "humi": 38.0, "cpu": 40.6}, {"time": "2022/08/01 14:48:58", "temp": 25.0, "humi": 42.0, "cpu": 40.1}, {"time": "2022/08/01 14:49:08", "temp": 25.0, "humi": 38.0, "cpu": 40.1}, {"time": "2022/08/01 14:49:19", "temp": 25.0, "humi": 38.0, "cpu": 40.6}, {"time": "2022/08/01 14:49:33", "temp": 25.0, "humi": 34.0, "cpu": 40.6}, {"time": "2022/08/01 14:49:43", "temp": 25.0, "humi": 34.0, "cpu": 40.6}, {"time": "2022/08/01 14:49:57", "temp": 25.0, "humi": 34.0, "cpu": 40.1}, {"time": "2022/08/01 14:50:07", "temp": 25.0, "humi": 34.0, "cpu": 40.1}, {"time": "2022/08/01 14:50:20", "temp": 25.0, "humi": 35.0, "cpu": 40.1}, {"time": "2022/08/01 14:50:33", "temp": 25.0, "humi": 33.0, "cpu": 40.1}, {"time": "2022/08/01 14:50:45", "temp": 25.0, "humi": 37.0, "cpu": 40.1}, {"time": "2022/08/01 14:50:58", "temp": 25.0, "humi": 32.0, "cpu": 40.1}, {"time": "2022/08/01 14:51:15", "temp": 25.0, "humi": 32.0, "cpu": 40.1}, {"time": "2022/08/01 14:51:27", "temp": 25.0, "humi": 38.0, "cpu": 40.1}, {"time": "2022/08/01 14:51:41", "temp": 25.0, "humi": 32.0, "cpu": 40.1}, {"time": "2022/08/01 14:51:51", "temp": 25.0, "humi": 32.0, "cpu": 40.1}, {"time": "2022/08/01 14:52:04", "temp": 25.0, "humi": 33.0, "cpu": 40.1}, {"time": "2022/08/01 14:52:14", "temp": 25.0, "humi": 32.0, "cpu": 40.1}, {"time": "2022/08/01 14:52:26", "temp": 25.0, "humi": 33.0, "cpu": 40.1}, {"time": "2022/08/01 14:52:37", "temp": 25.0, "humi": 32.0, "cpu": 40.1}, {"time": "2022/08/01 14:52:49", "temp": 25.0, "humi": 32.0, "cpu": 40.1}, {"time": "2022/08/01 14:53:00", "temp": 25.0, "humi": 32.0, "cpu": 40.1}, {"time": "2022/08/01 14:53:10", "temp": 25.0, "humi": 36.0, "cpu": 40.1}, {"time": "2022/08/01 14:53:22", "temp": 25.0, "humi": 32.0, "cpu": 40.1}, {"time": "2022/08/01 14:53:35", "temp": 25.0, "humi": 32.0, "cpu": 40.1}, {"time": "2022/08/01 14:53:47", "temp": 25.0, "humi": 32.0, "cpu": 40.1}, {"time": "2022/08/01 14:53:58", "temp": 25.0, "humi": 31.0, "cpu": 41.2}, {"time": "2022/08/01 14:54:09", "temp": 25.0, "humi": 35.0, "cpu": 40.1}, {"time": "2022/08/01 14:54:21", "temp": 25.0, "humi": 32.0, "cpu": 40.1}, {"time": "2022/08/01 14:54:34", "temp": 25.0, "humi": 32.0, "cpu": 40.1}, {"time": "2022/08/01 14:54:45", "temp": 25.0, "humi": 35.0, "cpu": 40.1}, {"time": "2022/08/01 14:54:59", "temp": 25.0, "humi": 31.0, "cpu": 40.1}, {"time": "2022/08/01 14:55:12", "temp": 25.0, "humi": 31.0, "cpu": 40.1}, {"time": "2022/08/01 14:55:26", "temp": 25.0, "humi": 31.0, "cpu": 40.1}, {"time": "2022/08/01 14:55:39", "temp": 25.0, "humi": 30.0, "cpu": 40.1}, {"time": "2022/08/01 14:55:51", "temp": 25.0, "humi": 35.0, "cpu": 40.1}, {"time": "2022/08/01 14:56:07", "temp": 25.0, "humi": 30.0, "cpu": 40.1}, {"time": "2022/08/01 14:56:18", "temp": 25.0, "humi": 34.0, "cpu": 40.1}, {"time": "2022/08/01 14:56:28", "temp": 25.0, "humi": 32.0, "cpu": 40.1}, {"time": "2022/08/01 14:56:42", "temp": 25.0, "humi": 30.0, "cpu": 40.1}, {"time": "2022/08/01 14:56:57", "temp": 25.0, "humi": 30.0, "cpu": 40.1}, {"time": "2022/08/01 14:57:10", "temp": 25.0, "humi": 30.0, "cpu": 39.5}, {"time": "2022/08/01 14:57:25", "temp": 25.0, "humi": 30.0, "cpu": 40.1}, {"time": "2022/08/01 14:57:36", "temp": 25.0, "humi": 34.0, "cpu": 39.5}, {"time": "2022/08/01 14:57:47", "temp": 25.0, "humi": 34.0, "cpu": 40.1}, {"time": "2022/08/01 14:57:58", "temp": 25.0, "humi": 32.0, "cpu": 40.1}, {"time": "2022/08/01 14:58:08", "temp": 25.0, "humi": 34.0, "cpu": 40.1}, {"time": "2022/08/01 14:58:20", "temp": 25.0, "humi": 35.0, "cpu": 40.1}, {"time": "2022/08/01 14:58:35", "temp": 25.0, "humi": 30.0, "cpu": 40.1}, {"time": "2022/08/01 14:58:47", "temp": 25.0, "humi": 34.0, "cpu": 40.1}, {"time": "2022/08/01 14:59:02", "temp": 25.0, "humi": 30.0, "cpu": 40.1}, {"time": "2022/08/01 14:59:15", "temp": 25.0, "humi": 31.0, "cpu": 40.1}, {"time": "2022/08/01 14:59:28", "temp": 25.0, "humi": 30.0, "cpu": 40.1}, {"time": "2022/08/01 14:59:40", "temp": 25.0, "humi": 34.0, "cpu": 40.1}, {"time": "2022/08/01 14:59:54", "temp": 25.0, "humi": 30.0, "cpu": 40.1}, {"time": "2022/08/01 15:00:05", "temp": 25.0, "humi": 32.0, "cpu": 40.1}, {"time": "2022/08/01 15:00:19", "temp": 25.0, "humi": 30.0, "cpu": 40.1}, {"time": "2022/08/01 15:00:31", "temp": 25.0, "humi": 34.0, "cpu": 40.1}, {"time": "2022/08/01 15:00:42", "temp": 25.0, "humi": 34.0, "cpu": 40.1}, {"time": "2022/08/01 15:00:54", "temp": 25.0, "humi": 30.0, "cpu": 40.1}, {"time": "2022/08/01 15:01:06", "temp": 25.0, "humi": 34.0, "cpu": 39.0}, {"time": "2022/08/01 15:01:17", "temp": 25.0, "humi": 34.0, "cpu": 40.1}, {"time": "2022/08/01 15:01:28", "temp": 25.0, "humi": 31.0, "cpu": 40.6}, {"time": "2022/08/01 15:01:38", "temp": 25.0, "humi": 34.0, "cpu": 40.6}, {"time": "2022/08/01 15:01:55", "temp": 25.0, "humi": 30.0, "cpu": 40.1}, {"time": "2022/08/01 15:02:08", "temp": 25.0, "humi": 31.0, "cpu": 40.6}, {"time": "2022/08/01 15:02:20", "temp": 25.0, "humi": 36.0, "cpu": 40.1}, {"time": "2022/08/01 15:02:30", "temp": 25.0, "humi": 32.0, "cpu": 40.1}, {"time": "2022/08/01 15:02:40", "temp": 25.0, "humi": 40.0, "cpu": 40.1}, {"time": "2022/08/01 15:02:51", "temp": 25.0, "humi": 36.0, "cpu": 40.1}, {"time": "2022/08/01 15:03:01", "temp": 25.0, "humi": 37.0, "cpu": 40.1}, {"time": "2022/08/01 15:03:13", "temp": 25.0, "humi": 38.0, "cpu": 40.1}, {"time": "2022/08/01 15:03:24", "temp": 25.0, "humi": 38.0, "cpu": 40.1}, {"time": "2022/08/01 15:03:34", "temp": 25.0, "humi": 34.0, "cpu": 40.1}, {"time": "2022/08/01 15:03:47", "temp": 26.0, "humi": 35.0, "cpu": 40.6}, {"time": "2022/08/01 15:03:57", "temp": 25.0, "humi": 34.0, "cpu": 40.1}, {"time": "2022/08/01 15:04:10", "temp": 25.0, "humi": 35.0, "cpu": 40.1}, {"time": "2022/08/01 15:04:29", "temp": 25.0, "humi": 33.0, "cpu": 40.1}, {"time": "2022/08/01 15:04:41", "temp": 25.0, "humi": 35.0, "cpu": 40.1}, {"time": "2022/08/01 15:04:55", "temp": 25.0, "humi": 34.0, "cpu": 40.1}, {"time": "2022/08/01 15:05:05", "temp": 25.0, "humi": 34.0, "cpu": 40.6}, {"time": "2022/08/01 15:05:16", "temp": 25.0, "humi": 42.0, "cpu": 40.1}, {"time": "2022/08/01 15:05:27", "temp": 25.0, "humi": 39.0, "cpu": 40.1}, {"time": "2022/08/01 15:05:40", "temp": 25.0, "humi": 35.0, "cpu": 40.1}, {"time": "2022/08/01 15:05:51", "temp": 25.0, "humi": 39.0, "cpu": 40.1}, {"time": "2022/08/01 15:06:03", "temp": 25.0, "humi": 39.0, "cpu": 40.6}, {"time": "2022/08/01 15:06:13", "temp": 25.0, "humi": 36.0, "cpu": 40.1}, {"time": "2022/08/01 15:06:24", "temp": 25.0, "humi": 39.0, "cpu": 40.1}, {"time": "2022/08/01 15:06:37", "temp": 25.0, "humi": 36.0, "cpu": 40.1}, {"time": "2022/08/01 15:06:49", "temp": 25.0, "humi": 39.0, "cpu": 40.1}, {"time": "2022/08/01 15:07:00", "temp": 25.0, "humi": 39.0, "cpu": 40.1}, {"time": "2022/08/01 15:07:13", "temp": 25.0, "humi": 37.0, "cpu": 40.1}, {"time": "2022/08/01 15:07:23", "temp": 25.0, "humi": 36.0, "cpu": 40.1}, {"time": "2022/08/01 15:07:38", "temp": 25.0, "humi": 36.0, "cpu": 40.1}, {"time": "2022/08/01 15:07:51", "temp": 25.0, "humi": 36.0, "cpu": 40.1}, {"time": "2022/08/01 15:08:03", "temp": 25.0, "humi": 39.0, "cpu": 40.1}, {"time": "2022/08/01 15:08:16", "temp": 25.0, "humi": 36.0, "cpu": 40.1}, {"time": "2022/08/01 15:08:27", "temp": 25.0, "humi": 36.0, "cpu": 40.1}, {"time": "2022/08/01 15:08:38", "temp": 25.0, "humi": 39.0, "cpu": 40.6}, {"time": "2022/08/01 15:08:49", "temp": 25.0, "humi": 41.0, "cpu": 40.1}, {"time": "2022/08/01 15:08:59", "temp": 25.0, "humi": 39.0, "cpu": 40.1}, {"time": "2022/08/01 15:09:10", "temp": 25.0, "humi": 40.0, "cpu": 40.1}, {"time": "2022/08/01 15:09:22", "temp": 25.0, "humi": 39.0, "cpu": 40.1}, {"time": "2022/08/01 15:09:32", "temp": 25.0, "humi": 42.0, "cpu": 40.1}, {"time": "2022/08/01 15:09:44", "temp": 25.0, "humi": 39.0, "cpu": 40.6}, {"time": "2022/08/01 15:09:57", "temp": 25.0, "humi": 37.0, "cpu": 40.1}, {"time": "2022/08/01 15:10:09", "temp": 25.0, "humi": 40.0, "cpu": 40.1}, {"time": "2022/08/01 15:10:21", "temp": 25.0, "humi": 38.0, "cpu": 40.1}, {"time": "2022/08/01 15:10:32", "temp": 25.0, "humi": 37.0, "cpu": 40.1}, {"time": "2022/08/01 15:10:43", "temp": 25.0, "humi": 40.0, "cpu": 40.6}, {"time": "2022/08/01 15:10:53", "temp": 25.0, "humi": 38.0, "cpu": 40.1}, {"time": "2022/08/01 15:11:06", "temp": 25.0, "humi": 38.0, "cpu": 40.1}, {"time": "2022/08/01 15:11:16", "temp": 25.0, "humi": 38.0, "cpu": 40.1}, {"time": "2022/08/01 15:11:32", "temp": 25.0, "humi": 37.0, "cpu": 40.1}, {"time": "2022/08/01 15:11:50", "temp": 26.0, "humi": 36.0, "cpu": 40.6}, {"time": "2022/08/01 15:12:00", "temp": 25.0, "humi": 36.0, "cpu": 40.6}, {"time": "2022/08/01 15:12:11", "temp": 25.0, "humi": 42.0, "cpu": 40.1}, {"time": "2022/08/01 15:12:21", "temp": 25.0, "humi": 42.0, "cpu": 40.6}, {"time": "2022/08/01 15:12:36", "temp": 25.0, "humi": 39.0, "cpu": 40.1}, {"time": "2022/08/01 15:12:52", "temp": 25.0, "humi": 37.0, "cpu": 40.1}, {"time": "2022/08/01 15:13:04", "temp": 25.0, "humi": 40.0, "cpu": 40.6}, {"time": "2022/08/01 15:13:14", "temp": 25.0, "humi": 38.0, "cpu": 40.6}, {"time": "2022/08/01 15:13:28", "temp": 25.0, "humi": 38.0, "cpu": 40.6}, {"time": "2022/08/01 15:13:38", "temp": 25.0, "humi": 40.0, "cpu": 40.1}, {"time": "2022/08/01 15:13:49", "temp": 25.0, "humi": 43.0, "cpu": 40.6}, {"time": "2022/08/01 15:14:01", "temp": 25.0, "humi": 40.0, "cpu": 41.2}, {"time": "2022/08/01 15:14:12", "temp": 25.0, "humi": 42.0, "cpu": 40.1}, {"time": "2022/08/01 15:14:28", "temp": 25.0, "humi": 39.0, "cpu": 40.6}, {"time": "2022/08/01 15:14:39", "temp": 25.0, "humi": 40.0, "cpu": 40.6}, {"time": "2022/08/01 15:14:51", "temp": 25.0, "humi": 40.0, "cpu": 40.1}, {"time": "2022/08/01 15:15:02", "temp": 26.0, "humi": 40.0, "cpu": 40.6}, {"time": "2022/08/01 15:15:13", "temp": 25.0, "humi": 39.0, "cpu": 40.6}, {"time": "2022/08/01 15:15:24", "temp": 25.0, "humi": 40.0, "cpu": 40.6}, {"time": "2022/08/01 15:15:34", "temp": 25.0, "humi": 42.0, "cpu": 40.1}, {"time": "2022/08/01 15:15:46", "temp": 25.0, "humi": 40.0, "cpu": 40.1}, {"time": "2022/08/01 15:15:56", "temp": 25.0, "humi": 42.0, "cpu": 40.1}, {"time": "2022/08/01 15:16:07", "temp": 25.0, "humi": 40.0, "cpu": 40.1}, {"time": "2022/08/01 15:16:20", "temp": 25.0, "humi": 39.0, "cpu": 40.1}, {"time": "2022/08/01 15:16:30", "temp": 25.0, "humi": 42.0, "cpu": 40.6}, {"time": "2022/08/01 15:16:41", "temp": 25.0, "humi": 40.0, "cpu": 40.1}, {"time": "2022/08/01 15:16:56", "temp": 25.0, "humi": 38.0, "cpu": 40.1}, {"time": "2022/08/01 15:17:08", "temp": 25.0, "humi": 39.0, "cpu": 40.1}, {"time": "2022/08/01 15:17:19", "temp": 25.0, "humi": 40.0, "cpu": 40.1}, {"time": "2022/08/01 15:17:31", "temp": 25.0, "humi": 40.0, "cpu": 40.1}, {"time": "2022/08/01 15:17:42", "temp": 25.0, "humi": 40.0, "cpu": 40.1}, {"time": "2022/08/01 15:17:53", "temp": 25.0, "humi": 41.0, "cpu": 40.6}, {"time": "2022/08/01 15:18:05", "temp": 25.0, "humi": 40.0, "cpu": 40.6}, {"time": "2022/08/01 15:18:17", "temp": 26.0, "humi": 39.0, "cpu": 40.1}, {"time": "2022/08/01 15:18:28", "temp": 25.0, "humi": 40.0, "cpu": 41.2}, {"time": "2022/08/01 15:18:40", "temp": 26.0, "humi": 40.0, "cpu": 40.1}, {"time": "2022/08/01 15:18:50", "temp": 25.0, "humi": 39.0, "cpu": 41.2}, {"time": "2022/08/01 15:19:00", "temp": 25.0, "humi": 42.0, "cpu": 40.6}, {"time": "2022/08/01 15:19:14", "temp": 26.0, "humi": 39.0, "cpu": 40.1}, {"time": "2022/08/01 15:19:25", "temp": 25.0, "humi": 38.0, "cpu": 40.1}, {"time": "2022/08/01 15:19:36", "temp": 26.0, "humi": 40.0, "cpu": 41.2}, {"time": "2022/08/01 15:19:46", "temp": 26.0, "humi": 42.0, "cpu": 40.1}, {"time": "2022/08/01 15:19:59", "temp": 25.0, "humi": 39.0, "cpu": 40.1}, {"time": "2022/08/01 15:20:10", "temp": 25.0, "humi": 40.0, "cpu": 40.1}, {"time": "2022/08/01 15:20:23", "temp": 25.0, "humi": 39.0, "cpu": 40.1}, {"time": "2022/08/01 15:20:34", "temp": 26.0, "humi": 40.0, "cpu": 40.1}, {"time": "2022/08/01 15:20:44", "temp": 25.0, "humi": 39.0, "cpu": 40.6}, {"time": "2022/08/01 15:20:56", "temp": 25.0, "humi": 40.0, "cpu": 40.1}, {"time": "2022/08/01 15:21:06", "temp": 26.0, "humi": 42.0, "cpu": 40.1}, {"time": "2022/08/01 15:21:18", "temp": 25.0, "humi": 40.0, "cpu": 40.6}, {"time": "2022/08/01 15:21:29", "temp": 25.0, "humi": 40.0, "cpu": 40.6}, {"time": "2022/08/01 15:21:41", "temp": 25.0, "humi": 40.0, "cpu": 40.6}, {"time": "2022/08/01 15:21:51", "temp": 26.0, "humi": 41.0, "cpu": 40.6}, {"time": "2022/08/01 15:22:03", "temp": 25.0, "humi": 39.0, "cpu": 40.1}, {"time": "2022/08/01 15:22:15", "temp": 25.0, "humi": 40.0, "cpu": 40.1}, {"time": "2022/08/01 15:22:27", "temp": 25.0, "humi": 39.0, "cpu": 40.1}, {"time": "2022/08/01 15:22:40", "temp": 25.0, "humi": 39.0, "cpu": 40.1}, {"time": "2022/08/01 15:22:52", "temp": 25.0, "humi": 39.0, "cpu": 40.1}, {"time": "2022/08/01 15:23:03", "temp": 25.0, "humi": 42.0, "cpu": 40.1}, {"time": "2022/08/01 15:23:13", "temp": 25.0, "humi": 40.0, "cpu": 40.1}, {"time": "2022/08/01 15:23:23", "temp": 25.0, "humi": 40.0, "cpu": 40.1}, {"time": "2022/08/01 15:23:35", "temp": 25.0, "humi": 40.0, "cpu": 40.1}, {"time": "2022/08/01 15:23:48", "temp": 25.0, "humi": 39.0, "cpu": 40.1}, {"time": "2022/08/01 15:24:00", "temp": 25.0, "humi": 41.0, "cpu": 40.1}, {"time": "2022/08/01 15:24:14", "temp": 25.0, "humi": 39.0, "cpu": 40.6}, {"time": "2022/08/01 15:24:27", "temp": 25.0, "humi": 39.0, "cpu": 41.2}, {"time": "2022/08/01 15:24:40", "temp": 25.0, "humi": 39.0, "cpu": 40.1}, {"time": "2022/08/01 15:24:53", "temp": 25.0, "humi": 39.0, "cpu": 40.1}, {"time": "2022/08/01 15:25:05", "temp": 25.0, "humi": 39.0, "cpu": 40.1}, {"time": "2022/08/01 15:25:16", "temp": 25.0, "humi": 39.0, "cpu": 40.6}, {"time": "2022/08/01 15:25:26", "temp": 25.0, "humi": 42.0, "cpu": 40.1}, {"time": "2022/08/01 15:25:37", "temp": 25.0, "humi": 40.0, "cpu": 40.1}, {"time": "2022/08/01 15:25:49", "temp": 25.0, "humi": 39.0, "cpu": 40.1}, {"time": "2022/08/01 15:26:00", "temp": 25.0, "humi": 40.0, "cpu": 40.1}, {"time": "2022/08/01 15:26:13", "temp": 25.0, "humi": 40.0, "cpu": 40.6}, {"time": "2022/08/01 15:26:24", "temp": 25.0, "humi": 40.0, "cpu": 40.1}, {"time": "2022/08/01 15:26:36", "temp": 25.0, "humi": 40.0, "cpu": 40.6}, {"time": "2022/08/01 15:26:47", "temp": 25.0, "humi": 40.0, "cpu": 40.6}, {"time": "2022/08/01 15:26:59", "temp": 25.0, "humi": 39.0, "cpu": 40.6}, {"time": "2022/08/01 15:27:16", "temp": 25.0, "humi": 38.0, "cpu": 40.6}, {"time": "2022/08/01 15:27:28", "temp": 25.0, "humi": 40.0, "cpu": 40.6}, {"time": "2022/08/01 15:27:42", "temp": 25.0, "humi": 38.0, "cpu": 40.1}, {"time": "2022/08/01 15:27:55", "temp": 25.0, "humi": 39.0, "cpu": 40.1}, {"time": "2022/08/01 15:28:08", "temp": 25.0, "humi": 39.0, "cpu": 40.6}, {"time": "2022/08/01 15:28:18", "temp": 25.0, "humi": 38.0, "cpu": 40.6}, {"time": "2022/08/01 15:28:30", "temp": 25.0, "humi": 40.0, "cpu": 40.6}, {"time": "2022/08/01 15:28:42", "temp": 25.0, "humi": 39.0, "cpu": 40.6}, {"time": "2022/08/01 15:28:54", "temp": 25.0, "humi": 40.0, "cpu": 40.6}, {"time": "2022/08/01 15:29:06", "temp": 25.0, "humi": 39.0, "cpu": 40.6}, {"time": "2022/08/01 15:29:17", "temp": 25.0, "humi": 38.0, "cpu": 40.1}, {"time": "2022/08/01 15:29:28", "temp": 25.0, "humi": 39.0, "cpu": 40.1}, {"time": "2022/08/01 15:29:41", "temp": 25.0, "humi": 39.0, "cpu": 40.1}, {"time": "2022/08/01 15:29:51", "temp": 25.0, "humi": 38.0, "cpu": 40.6}, {"time": "2022/08/01 15:30:02", "temp": 25.0, "humi": 40.0, "cpu": 40.6}, {"time": "2022/08/01 15:30:16", "temp": 25.0, "humi": 38.0, "cpu": 40.6}, {"time": "2022/08/01 15:30:28", "temp": 25.0, "humi": 39.0, "cpu": 40.1}, {"time": "2022/08/01 15:30:39", "temp": 25.0, "humi": 38.0, "cpu": 40.1}, {"time": "2022/08/01 15:30:50", "temp": 25.0, "humi": 40.0, "cpu": 40.6}, {"time": "2022/08/01 15:31:03", "temp": 25.0, "humi": 39.0, "cpu": 40.1}, {"time": "2022/08/01 15:31:13", "temp": 25.0, "humi": 40.0, "cpu": 40.1}, {"time": "2022/08/01 15:31:29", "temp": 25.0, "humi": 38.0, "cpu": 40.6}, {"time": "2022/08/01 15:31:41", "temp": 25.0, "humi": 39.0, "cpu": 40.6}, {"time": "2022/08/01 15:31:59", "temp": 25.0, "humi": 38.0, "cpu": 41.2}, {"time": "2022/08/01 15:32:09", "temp": 25.0, "humi": 38.0, "cpu": 40.1}, {"time": "2022/08/01 15:32:20", "temp": 25.0, "humi": 40.0, "cpu": 40.1}, {"time": "2022/08/01 15:32:30", "temp": 25.0, "humi": 42.0, "cpu": 40.1}, {"time": "2022/08/01 15:32:40", "temp": 25.0, "humi": 40.0, "cpu": 40.1}, {"time": "2022/08/01 15:32:50", "temp": 25.0, "humi": 40.0, "cpu": 40.6}, {"time": "2022/08/01 15:33:04", "temp": 25.0, "humi": 39.0, "cpu": 40.1}, {"time": "2022/08/01 15:33:14", "temp": 25.0, "humi": 41.0, "cpu": 40.6}, {"time": "2022/08/01 15:33:25", "temp": 25.0, "humi": 40.0, "cpu": 40.1}, {"time": "2022/08/01 15:33:35", "temp": 25.0, "humi": 40.0, "cpu": 40.6}, {"time": "2022/08/01 15:33:47", "temp": 25.0, "humi": 39.0, "cpu": 40.6}, {"time": "2022/08/01 15:34:00", "temp": 25.0, "humi": 39.0, "cpu": 40.1}, {"time": "2022/08/01 15:34:11", "temp": 25.0, "humi": 40.0, "cpu": 40.6}, {"time": "2022/08/01 15:34:24", "temp": 25.0, "humi": 39.0, "cpu": 40.6}, {"time": "2022/08/01 15:34:35", "temp": 25.0, "humi": 40.0, "cpu": 40.1}, {"time": "2022/08/01 15:34:48", "temp": 25.0, "humi": 39.0, "cpu": 40.1}, {"time": "2022/08/01 15:34:59", "temp": 25.0, "humi": 40.0, "cpu": 41.2}, {"time": "2022/08/01 15:35:10", "temp": 25.0, "humi": 40.0, "cpu": 40.6}, {"time": "2022/08/01 15:35:22", "temp": 25.0, "humi": 40.0, "cpu": 40.6}, {"time": "2022/08/01 15:35:33", "temp": 25.0, "humi": 40.0, "cpu": 40.6}, {"time": "2022/08/01 15:35:46", "temp": 25.0, "humi": 39.0, "cpu": 40.6}, {"time": "2022/08/01 15:35:57", "temp": 25.0, "humi": 40.0, "cpu": 40.1}, {"time": "2022/08/01 15:36:07", "temp": 25.0, "humi": 39.0, "cpu": 40.6}, {"time": "2022/08/01 15:36:20", "temp": 25.0, "humi": 39.0, "cpu": 40.1}, {"time": "2022/08/01 15:36:32", "temp": 25.0, "humi": 39.0, "cpu": 40.1}, {"time": "2022/08/01 15:36:43", "temp": 25.0, "humi": 42.0, "cpu": 40.1}, {"time": "2022/08/01 15:36:53", "temp": 25.0, "humi": 40.0, "cpu": 40.6}, {"time": "2022/08/01 15:37:14", "temp": 25.0, "humi": 38.0, "cpu": 40.1}, {"time": "2022/08/01 15:37:32", "temp": 25.0, "humi": 37.0, "cpu": 40.1}, {"time": "2022/08/01 15:37:44", "temp": 25.0, "humi": 39.0, "cpu": 40.6}, {"time": "2022/08/01 15:37:56", "temp": 25.0, "humi": 40.0, "cpu": 40.1}, {"time": "2022/08/01 15:38:12", "temp": 25.0, "humi": 37.0, "cpu": 40.1}, {"time": "2022/08/01 15:38:25", "temp": 25.0, "humi": 38.0, "cpu": 40.1}, {"time": "2022/08/01 15:38:36", "temp": 25.0, "humi": 40.0, "cpu": 40.6}, {"time": "2022/08/01 15:38:50", "temp": 25.0, "humi": 38.0, "cpu": 40.6}, {"time": "2022/08/01 15:39:02", "temp": 25.0, "humi": 38.0, "cpu": 40.1}, {"time": "2022/08/01 15:39:16", "temp": 25.0, "humi": 37.0, "cpu": 40.6}, {"time": "2022/08/01 15:39:28", "temp": 25.0, "humi": 40.0, "cpu": 40.6}, {"time": "2022/08/01 15:39:39", "temp": 25.0, "humi": 40.0, "cpu": 40.1}, {"time": "2022/08/01 15:39:50", "temp": 25.0, "humi": 40.0, "cpu": 40.1}, {"time": "2022/08/01 15:40:01", "temp": 25.0, "humi": 38.0, "cpu": 40.1}, {"time": "2022/08/01 15:40:14", "temp": 25.0, "humi": 38.0, "cpu": 40.1}, {"time": "2022/08/01 15:40:26", "temp": 25.0, "humi": 40.0, "cpu": 40.6}, {"time": "2022/08/01 15:40:36", "temp": 25.0, "humi": 39.0, "cpu": 41.2}, {"time": "2022/08/01 15:40:50", "temp": 25.0, "humi": 38.0, "cpu": 40.6}, {"time": "2022/08/01 15:41:04", "temp": 25.0, "humi": 38.0, "cpu": 40.6}, {"time": "2022/08/01 15:41:17", "temp": 25.0, "humi": 39.0, "cpu": 40.1}, {"time": "2022/08/01 15:41:29", "temp": 25.0, "humi": 40.0, "cpu": 40.1}, {"time": "2022/08/01 15:41:40", "temp": 25.0, "humi": 40.0, "cpu": 40.1}, {"time": "2022/08/01 15:41:52", "temp": 25.0, "humi": 39.0, "cpu": 40.1}, {"time": "2022/08/01 15:42:05", "temp": 25.0, "humi": 39.0, "cpu": 40.1}, {"time": "2022/08/01 15:42:15", "temp": 25.0, "humi": 38.0, "cpu": 40.1}, {"time": "2022/08/01 15:42:26", "temp": 25.0, "humi": 42.0, "cpu": 40.1}, {"time": "2022/08/01 15:42:40", "temp": 25.0, "humi": 38.0, "cpu": 40.6}, {"time": "2022/08/01 15:42:54", "temp": 25.0, "humi": 39.0, "cpu": 40.6}, {"time": "2022/08/01 15:43:04", "temp": 25.0, "humi": 38.0, "cpu": 40.6}, {"time": "2022/08/01 15:43:14", "temp": 25.0, "humi": 40.0, "cpu": 40.6}, {"time": "2022/08/01 15:43:25", "temp": 26.0, "humi": 40.0, "cpu": 40.6}, {"time": "2022/08/01 15:43:35", "temp": 25.0, "humi": 43.0, "cpu": 41.2}, {"time": "2022/08/01 15:43:51", "temp": 25.0, "humi": 38.0, "cpu": 40.1}, {"time": "2022/08/01 15:44:04", "temp": 25.0, "humi": 39.0, "cpu": 40.1}, {"time": "2022/08/01 15:44:16", "temp": 25.0, "humi": 40.0, "cpu": 40.6}, {"time": "2022/08/01 15:44:28", "temp": 25.0, "humi": 40.0, "cpu": 41.2}, {"time": "2022/08/01 15:44:40", "temp": 25.0, "humi": 39.0, "cpu": 40.1}, {"time": "2022/08/01 15:44:51", "temp": 25.0, "humi": 43.0, "cpu": 40.1}, {"time": "2022/08/01 15:45:02", "temp": 25.0, "humi": 40.0, "cpu": 40.1}, {"time": "2022/08/01 15:45:12", "temp": 25.0, "humi": 42.0, "cpu": 40.1}, {"time": "2022/08/01 15:45:23", "temp": 25.0, "humi": 43.0, "cpu": 40.6}, {"time": "2022/08/01 15:45:35", "temp": 25.0, "humi": 41.0, "cpu": 41.2}, {"time": "2022/08/01 15:45:49", "temp": 25.0, "humi": 39.0, "cpu": 40.6}, {"time": "2022/08/01 15:45:59", "temp": 25.0, "humi": 39.0, "cpu": 40.1}, {"time": "2022/08/01 15:46:11", "temp": 25.0, "humi": 41.0, "cpu": 40.6}, {"time": "2022/08/01 15:46:23", "temp": 25.0, "humi": 39.0, "cpu": 40.1}, {"time": "2022/08/01 15:46:34", "temp": 25.0, "humi": 41.0, "cpu": 40.1}, {"time": "2022/08/01 15:46:45", "temp": 25.0, "humi": 43.0, "cpu": 40.6}, {"time": "2022/08/01 15:46:57", "temp": 25.0, "humi": 40.0, "cpu": 40.6}, {"time": "2022/08/01 15:47:08", "temp": 25.0, "humi": 39.0, "cpu": 40.1}, {"time": "2022/08/01 15:47:20", "temp": 25.0, "humi": 39.0, "cpu": 41.2}, {"time": "2022/08/01 15:47:32", "temp": 25.0, "humi": 41.0, "cpu": 40.1}, {"time": "2022/08/01 15:47:45", "temp": 25.0, "humi": 39.0, "cpu": 40.6}, {"time": "2022/08/01 15:47:59", "temp": 25.0, "humi": 39.0, "cpu": 40.6}, {"time": "2022/08/01 15:48:11", "temp": 25.0, "humi": 39.0, "cpu": 40.1}, {"time": "2022/08/01 15:48:23", "temp": 25.0, "humi": 41.0, "cpu": 40.6}, {"time": "2022/08/01 15:48:34", "temp": 25.0, "humi": 41.0, "cpu": 41.2}, {"time": "2022/08/01 15:48:45", "temp": 25.0, "humi": 43.0, "cpu": 41.2}, {"time": "2022/08/01 15:48:57", "temp": 25.0, "humi": 39.0, "cpu": 40.6}, {"time": "2022/08/01 15:49:07", "temp": 25.0, "humi": 39.0, "cpu": 40.6}, {"time": "2022/08/01 15:49:21", "temp": 25.0, "humi": 39.0, "cpu": 40.6}, {"time": "2022/08/01 15:49:31", "temp": 25.0, "humi": 42.0, "cpu": 40.6}, {"time": "2022/08/01 15:49:44", "temp": 25.0, "humi": 39.0, "cpu": 40.6}, {"time": "2022/08/01 15:49:57", "temp": 25.0, "humi": 39.0, "cpu": 40.1}, {"time": "2022/08/01 15:50:10", "temp": 25.0, "humi": 39.0, "cpu": 40.1}, {"time": "2022/08/01 15:50:22", "temp": 25.0, "humi": 39.0, "cpu": 40.1}, {"time": "2022/08/01 15:50:35", "temp": 25.0, "humi": 39.0, "cpu": 40.1}, {"time": "2022/08/01 15:50:47", "temp": 25.0, "humi": 39.0, "cpu": 40.1}, {"time": "2022/08/01 15:51:00", "temp": 25.0, "humi": 39.0, "cpu": 40.1}, {"time": "2022/08/01 15:51:11", "temp": 25.0, "humi": 41.0, "cpu": 40.1}, {"time": "2022/08/01 15:51:24", "temp": 25.0, "humi": 40.0, "cpu": 40.6}, {"time": "2022/08/01 15:51:37", "temp": 25.0, "humi": 39.0, "cpu": 40.6}, {"time": "2022/08/01 15:51:48", "temp": 25.0, "humi": 41.0, "cpu": 40.1}, {"time": "2022/08/01 15:52:00", "temp": 25.0, "humi": 43.0, "cpu": 40.1}, {"time": "2022/08/01 15:52:12", "temp": 25.0, "humi": 39.0, "cpu": 40.1}, {"time": "2022/08/01 15:52:26", "temp": 25.0, "humi": 39.0, "cpu": 40.1}, {"time": "2022/08/01 15:52:37", "temp": 25.0, "humi": 43.0, "cpu": 40.6}, {"time": "2022/08/01 15:52:49", "temp": 25.0, "humi": 39.0, "cpu": 40.1}, {"time": "2022/08/01 15:52:59", "temp": 25.0, "humi": 42.0, "cpu": 40.1}, {"time": "2022/08/01 15:53:10", "temp": 25.0, "humi": 42.0, "cpu": 40.1}, {"time": "2022/08/01 15:53:22", "temp": 25.0, "humi": 39.0, "cpu": 40.1}, {"time": "2022/08/01 15:53:36", "temp": 25.0, "humi": 39.0, "cpu": 40.6}, {"time": "2022/08/01 15:53:50", "temp": 25.0, "humi": 39.0, "cpu": 40.1}, {"time": "2022/08/01 15:54:00", "temp": 25.0, "humi": 39.0, "cpu": 41.2}, {"time": "2022/08/01 15:54:10", "temp": 25.0, "humi": 42.0, "cpu": 40.1}, {"time": "2022/08/01 15:54:22", "temp": 25.0, "humi": 41.0, "cpu": 40.1}, {"time": "2022/08/01 15:54:34", "temp": 25.0, "humi": 40.0, "cpu": 40.1}, {"time": "2022/08/01 15:54:45", "temp": 25.0, "humi": 39.0, "cpu": 40.1}, {"time": "2022/08/01 15:54:56", "temp": 25.0, "humi": 41.0, "cpu": 40.1}, {"time": "2022/08/01 15:55:10", "temp": 25.0, "humi": 39.0, "cpu": 40.1}, {"time": "2022/08/01 15:55:20", "temp": 25.0, "humi": 39.0, "cpu": 40.1}, {"time": "2022/08/01 15:55:30", "temp": 25.0, "humi": 42.0, "cpu": 40.1}, {"time": "2022/08/01 15:55:41", "temp": 25.0, "humi": 41.0, "cpu": 40.1}, {"time": "2022/08/01 15:55:54", "temp": 25.0, "humi": 39.0, "cpu": 40.1}, {"time": "2022/08/01 15:56:07", "temp": 25.0, "humi": 39.0, "cpu": 40.1}, {"time": "2022/08/01 15:56:20", "temp": 25.0, "humi": 39.0, "cpu": 40.1}, {"time": "2022/08/01 15:56:31", "temp": 25.0, "humi": 40.0, "cpu": 40.1}, {"time": "2022/08/01 15:56:44", "temp": 25.0, "humi": 39.0, "cpu": 40.1}, {"time": "2022/08/01 15:56:56", "temp": 25.0, "humi": 39.0, "cpu": 40.1}, {"time": "2022/08/01 15:57:08", "temp": 25.0, "humi": 41.0, "cpu": 39.5}, {"time": "2022/08/01 15:57:19", "temp": 25.0, "humi": 40.0, "cpu": 40.1}, {"time": "2022/08/01 15:57:29", "temp": 25.0, "humi": 41.0, "cpu": 40.1}, {"time": "2022/08/01 15:57:40", "temp": 25.0, "humi": 42.0, "cpu": 40.1}, {"time": "2022/08/01 15:57:50", "temp": 25.0, "humi": 43.0, "cpu": 40.1}, {"time": "2022/08/01 15:58:00", "temp": 25.0, "humi": 42.0, "cpu": 40.1}, {"time": "2022/08/01 15:58:12", "temp": 25.0, "humi": 40.0, "cpu": 40.1}, {"time": "2022/08/01 15:58:24", "temp": 25.0, "humi": 39.0, "cpu": 40.1}, {"time": "2022/08/01 15:58:37", "temp": 25.0, "humi": 39.0, "cpu": 40.1}, {"time": "2022/08/01 15:58:50", "temp": 25.0, "humi": 39.0, "cpu": 40.1}, {"time": "2022/08/01 15:59:01", "temp": 25.0, "humi": 39.0, "cpu": 40.1}, {"time": "2022/08/01 15:59:12", "temp": 25.0, "humi": 40.0, "cpu": 40.6}, {"time": "2022/08/01 15:59:24", "temp": 25.0, "humi": 39.0, "cpu": 40.1}, {"time": "2022/08/01 15:59:35", "temp": 25.0, "humi": 42.0, "cpu": 40.1}, {"time": "2022/08/01 15:59:49", "temp": 25.0, "humi": 38.0, "cpu": 40.1}, {"time": "2022/08/01 16:00:01", "temp": 25.0, "humi": 40.0, "cpu": 40.1}, {"time": "2022/08/01 16:00:11", "temp": 25.0, "humi": 39.0, "cpu": 39.5}, {"time": "2022/08/01 16:00:22", "temp": 25.0, "humi": 40.0, "cpu": 40.1}, {"time": "2022/08/01 16:00:35", "temp": 25.0, "humi": 39.0, "cpu": 40.1}, {"time": "2022/08/01 16:00:48", "temp": 25.0, "humi": 39.0, "cpu": 40.1}, {"time": "2022/08/01 16:00:59", "temp": 25.0, "humi": 42.0, "cpu": 40.1}, {"time": "2022/08/01 16:01:11", "temp": 25.0, "humi": 39.0, "cpu": 40.1}, {"time": "2022/08/01 16:01:25", "temp": 25.0, "humi": 39.0, "cpu": 40.1}, {"time": "2022/08/01 16:01:35", "temp": 25.0, "humi": 42.0, "cpu": 39.5}, {"time": "2022/08/01 16:01:48", "temp": 25.0, "humi": 39.0, "cpu": 40.1}, {"time": "2022/08/01 16:02:00", "temp": 25.0, "humi": 39.0, "cpu": 40.1}, {"time": "2022/08/01 16:02:11", "temp": 25.0, "humi": 42.0, "cpu": 40.1}, {"time": "2022/08/01 16:02:25", "temp": 24.0, "humi": 40.0, "cpu": 40.1}, {"time": "2022/08/01 16:02:37", "temp": 24.0, "humi": 41.0, "cpu": 40.1}, {"time": "2022/08/01 16:02:47", "temp": 24.0, "humi": 42.0, "cpu": 40.1}, {"time": "2022/08/01 16:03:01", "temp": 24.0, "humi": 38.0, "cpu": 39.5}, {"time": "2022/08/01 16:03:11", "temp": 24.0, "humi": 37.0, "cpu": 40.1}, {"time": "2022/08/01 16:03:21", "temp": 24.0, "humi": 41.0, "cpu": 40.1}, {"time": "2022/08/01 16:03:32", "temp": 24.0, "humi": 41.0, "cpu": 40.1}, {"time": "2022/08/01 16:03:43", "temp": 24.0, "humi": 41.0, "cpu": 39.5}, {"time": "2022/08/01 16:03:55", "temp": 24.0, "humi": 40.0, "cpu": 40.1}, {"time": "2022/08/01 16:04:05", "temp": 24.0, "humi": 38.0, "cpu": 40.1}, {"time": "2022/08/01 16:04:16", "temp": 24.0, "humi": 44.0, "cpu": 40.1}, {"time": "2022/08/01 16:04:32", "temp": 24.0, "humi": 39.0, "cpu": 40.1}, {"time": "2022/08/01 16:04:45", "temp": 24.0, "humi": 40.0, "cpu": 40.1}, {"time": "2022/08/01 16:04:56", "temp": 24.0, "humi": 40.0, "cpu": 40.1}, {"time": "2022/08/01 16:05:06", "temp": 24.0, "humi": 43.0, "cpu": 40.1}, {"time": "2022/08/01 16:05:17", "temp": 24.0, "humi": 41.0, "cpu": 40.1}, {"time": "2022/08/01 16:05:28", "temp": 24.0, "humi": 40.0, "cpu": 40.1}, {"time": "2022/08/01 16:05:40", "temp": 24.0, "humi": 41.0, "cpu": 40.1}, {"time": "2022/08/01 16:05:50", "temp": 24.0, "humi": 40.0, "cpu": 40.1}, {"time": "2022/08/01 16:06:06", "temp": 24.0, "humi": 37.0, "cpu": 39.5}, {"time": "2022/08/01 16:06:18", "temp": 24.0, "humi": 38.0, "cpu": 40.1}, {"time": "2022/08/01 16:06:32", "temp": 24.0, "humi": 39.0, "cpu": 40.1}, {"time": "2022/08/01 16:06:45", "temp": 24.0, "humi": 38.0, "cpu": 39.0}, {"time": "2022/08/01 16:06:57", "temp": 24.0, "humi": 40.0, "cpu": 39.5}, {"time": "2022/08/01 16:07:09", "temp": 24.0, "humi": 40.0, "cpu": 40.1}, {"time": "2022/08/01 16:07:23", "temp": 24.0, "humi": 38.0, "cpu": 40.1}, {"time": "2022/08/01 16:07:41", "temp": 24.0, "humi": 37.0, "cpu": 39.5}, {"time": "2022/08/01 16:07:54", "temp": 24.0, "humi": 39.0, "cpu": 40.1}, {"time": "2022/08/01 16:08:07", "temp": 24.0, "humi": 39.0, "cpu": 40.1}, {"time": "2022/08/01 16:08:17", "temp": 24.0, "humi": 38.0, "cpu": 40.1}, {"time": "2022/08/01 16:08:29", "temp": 24.0, "humi": 39.0, "cpu": 39.5}, {"time": "2022/08/01 16:08:40", "temp": 24.0, "humi": 38.0, "cpu": 40.1}, {"time": "2022/08/01 16:08:53", "temp": 24.0, "humi": 37.0, "cpu": 40.1}, {"time": "2022/08/01 16:09:09", "temp": 24.0, "humi": 37.0, "cpu": 40.1}, {"time": "2022/08/01 16:09:22", "temp": 24.0, "humi": 38.0, "cpu": 40.1}, {"time": "2022/08/01 16:09:32", "temp": 24.0, "humi": 36.0, "cpu": 40.1}, {"time": "2022/08/01 16:09:44", "temp": 24.0, "humi": 40.0, "cpu": 40.1}, {"time": "2022/08/01 16:09:58", "temp": 24.0, "humi": 36.0, "cpu": 39.5}, {"time": "2022/08/01 16:10:10", "temp": 24.0, "humi": 37.0, "cpu": 39.5}, {"time": "2022/08/01 16:10:22", "temp": 24.0, "humi": 41.0, "cpu": 40.1}, {"time": "2022/08/01 16:10:32", "temp": 24.0, "humi": 38.0, "cpu": 40.1}, {"time": "2022/08/01 16:10:45", "temp": 24.0, "humi": 39.0, "cpu": 40.1}, {"time": "2022/08/01 16:10:57", "temp": 24.0, "humi": 39.0, "cpu": 40.1}, {"time": "2022/08/01 16:11:08", "temp": 24.0, "humi": 38.0, "cpu": 40.1}, {"time": "2022/08/01 16:11:19", "temp": 24.0, "humi": 41.0, "cpu": 40.1}, {"time": "2022/08/01 16:11:29", "temp": 24.0, "humi": 39.0, "cpu": 40.1}, {"time": "2022/08/01 16:11:41", "temp": 24.0, "humi": 41.0, "cpu": 39.5}, {"time": "2022/08/01 16:11:51", "temp": 24.0, "humi": 39.0, "cpu": 39.5}, {"time": "2022/08/01 16:12:04", "temp": 24.0, "humi": 39.0, "cpu": 40.1}, {"time": "2022/08/01 16:12:14", "temp": 24.0, "humi": 43.0, "cpu": 40.1}, {"time": "2022/08/01 16:12:29", "temp": 24.0, "humi": 39.0, "cpu": 40.1}, {"time": "2022/08/01 16:12:42", "temp": 24.0, "humi": 39.0, "cpu": 40.1}, {"time": "2022/08/01 16:12:55", "temp": 24.0, "humi": 39.0, "cpu": 39.5}, {"time": "2022/08/01 16:13:05", "temp": 24.0, "humi": 43.0, "cpu": 39.5}, {"time": "2022/08/01 16:13:17", "temp": 24.0, "humi": 39.0, "cpu": 40.1}, {"time": "2022/08/01 16:13:32", "temp": 24.0, "humi": 39.0, "cpu": 40.1}, {"time": "2022/08/01 16:13:42", "temp": 24.0, "humi": 38.0, "cpu": 40.1}, {"time": "2022/08/01 16:13:56", "temp": 24.0, "humi": 39.0, "cpu": 39.5}, {"time": "2022/08/01 16:14:06", "temp": 24.0, "humi": 40.0, "cpu": 39.5}, {"time": "2022/08/01 16:14:17", "temp": 25.0, "humi": 42.0, "cpu": 40.1}, {"time": "2022/08/01 16:14:27", "temp": 24.0, "humi": 41.0, "cpu": 40.1}, {"time": "2022/08/01 16:14:38", "temp": 24.0, "humi": 44.0, "cpu": 40.1}, {"time": "2022/08/01 16:14:52", "temp": 24.0, "humi": 39.0, "cpu": 40.1}, {"time": "2022/08/01 16:15:03", "temp": 24.0, "humi": 40.0, "cpu": 39.5}, {"time": "2022/08/01 16:15:15", "temp": 24.0, "humi": 40.0, "cpu": 40.6}, {"time": "2022/08/01 16:15:29", "temp": 24.0, "humi": 39.0, "cpu": 40.1}, {"time": "2022/08/01 16:15:43", "temp": 24.0, "humi": 39.0, "cpu": 40.1}, {"time": "2022/08/01 16:15:53", "temp": 24.0, "humi": 40.0, "cpu": 40.1}, {"time": "2022/08/01 16:16:04", "temp": 24.0, "humi": 42.0, "cpu": 39.0}, {"time": "2022/08/01 16:16:14", "temp": 24.0, "humi": 41.0, "cpu": 39.5}, {"time": "2022/08/01 16:16:27", "temp": 24.0, "humi": 39.0, "cpu": 40.1}, {"time": "2022/08/01 16:16:37", "temp": 24.0, "humi": 38.0, "cpu": 39.5}, {"time": "2022/08/01 16:16:47", "temp": 24.0, "humi": 40.0, "cpu": 40.1}, {"time": "2022/08/01 16:16:59", "temp": 24.0, "humi": 41.0, "cpu": 40.1}, {"time": "2022/08/01 16:17:09", "temp": 24.0, "humi": 40.0, "cpu": 40.1}, {"time": "2022/08/01 16:17:19", "temp": 24.0, "humi": 44.0, "cpu": 40.1}, {"time": "2022/08/01 16:17:31", "temp": 24.0, "humi": 40.0, "cpu": 40.1}, {"time": "2022/08/01 16:17:45", "temp": 24.0, "humi": 39.0, "cpu": 40.1}, {"time": "2022/08/01 16:18:00", "temp": 24.0, "humi": 39.0, "cpu": 40.1}, {"time": "2022/08/01 16:18:15", "temp": 24.0, "humi": 39.0, "cpu": 39.5}, {"time": "2022/08/01 16:18:26", "temp": 24.0, "humi": 41.0, "cpu": 40.1}, {"time": "2022/08/01 16:18:37", "temp": 24.0, "humi": 41.0, "cpu": 39.5}, {"time": "2022/08/01 16:18:49", "temp": 24.0, "humi": 41.0, "cpu": 40.1}, {"time": "2022/08/01 16:19:00", "temp": 24.0, "humi": 41.0, "cpu": 40.1}, {"time": "2022/08/01 16:19:12", "temp": 24.0, "humi": 41.0, "cpu": 40.1}, {"time": "2022/08/01 16:19:23", "temp": 24.0, "humi": 43.0, "cpu": 39.5}, {"time": "2022/08/01 16:19:37", "temp": 24.0, "humi": 39.0, "cpu": 40.1}, {"time": "2022/08/01 16:19:50", "temp": 24.0, "humi": 39.0, "cpu": 40.1}, {"time": "2022/08/01 16:20:02", "temp": 24.0, "humi": 40.0, "cpu": 40.1}, {"time": "2022/08/01 16:20:13", "temp": 24.0, "humi": 40.0, "cpu": 39.5}, {"time": "2022/08/01 16:20:24", "temp": 24.0, "humi": 41.0, "cpu": 39.5}, {"time": "2022/08/01 16:20:36", "temp": 25.0, "humi": 40.0, "cpu": 40.1}, {"time": "2022/08/01 16:20:48", "temp": 24.0, "humi": 41.0, "cpu": 39.0}, {"time": "2022/08/01 16:21:00", "temp": 24.0, "humi": 39.0, "cpu": 40.1}, {"time": "2022/08/01 16:21:11", "temp": 24.0, "humi": 41.0, "cpu": 40.1}, {"time": "2022/08/01 16:21:22", "temp": 24.0, "humi": 41.0, "cpu": 39.5}, {"time": "2022/08/01 16:21:33", "temp": 24.0, "humi": 40.0, "cpu": 40.1}, {"time": "2022/08/01 16:21:44", "temp": 24.0, "humi": 41.0, "cpu": 40.1}, {"time": "2022/08/01 16:21:55", "temp": 24.0, "humi": 40.0, "cpu": 40.1}, {"time": "2022/08/01 16:22:06", "temp": 24.0, "humi": 41.0, "cpu": 39.5}, {"time": "2022/08/01 16:22:19", "temp": 24.0, "humi": 39.0, "cpu": 40.1}, {"time": "2022/08/01 16:22:29", "temp": 24.0, "humi": 38.0, "cpu": 40.1}, {"time": "2022/08/01 16:22:42", "temp": 24.0, "humi": 39.0, "cpu": 40.1}, {"time": "2022/08/01 16:22:56", "temp": 24.0, "humi": 39.0, "cpu": 39.5}, {"time": "2022/08/01 16:23:07", "temp": 24.0, "humi": 41.0, "cpu": 39.5}, {"time": "2022/08/01 16:23:18", "temp": 24.0, "humi": 41.0, "cpu": 39.5}, {"time": "2022/08/01 16:23:29", "temp": 24.0, "humi": 39.0, "cpu": 40.1}, {"time": "2022/08/01 16:23:41", "temp": 24.0, "humi": 41.0, "cpu": 40.1}, {"time": "2022/08/01 16:23:52", "temp": 24.0, "humi": 41.0, "cpu": 40.1}, {"time": "2022/08/01 16:24:05", "temp": 24.0, "humi": 39.0, "cpu": 40.1}, {"time": "2022/08/01 16:24:16", "temp": 24.0, "humi": 41.0, "cpu": 40.1}, {"time": "2022/08/01 16:24:29", "temp": 24.0, "humi": 39.0, "cpu": 39.5}, {"time": "2022/08/01 16:24:41", "temp": 24.0, "humi": 41.0, "cpu": 39.5}, {"time": "2022/08/01 16:24:53", "temp": 24.0, "humi": 39.0, "cpu": 40.1}, {"time": "2022/08/01 16:25:06", "temp": 24.0, "humi": 39.0, "cpu": 39.5}, {"time": "2022/08/01 16:25:16", "temp": 24.0, "humi": 37.0, "cpu": 40.1}, {"time": "2022/08/01 16:25:26", "temp": 24.0, "humi": 40.0, "cpu": 39.5}, {"time": "2022/08/01 16:25:39", "temp": 24.0, "humi": 39.0, "cpu": 40.1}, {"time": "2022/08/01 16:25:53", "temp": 24.0, "humi": 38.0, "cpu": 40.1}, {"time": "2022/08/01 16:26:04", "temp": 24.0, "humi": 41.0, "cpu": 40.1}, {"time": "2022/08/01 16:26:16", "temp": 24.0, "humi": 39.0, "cpu": 40.1}, {"time": "2022/08/01 16:26:28", "temp": 24.0, "humi": 41.0, "cpu": 40.1}, {"time": "2022/08/01 16:26:42", "temp": 24.0, "humi": 39.0, "cpu": 40.1}, {"time": "2022/08/01 16:26:56", "temp": 24.0, "humi": 38.0, "cpu": 40.1}, {"time": "2022/08/01 16:27:08", "temp": 24.0, "humi": 39.0, "cpu": 40.1}, {"time": "2022/08/01 16:27:23", "temp": 24.0, "humi": 38.0, "cpu": 40.1}, {"time": "2022/08/01 16:27:34", "temp": 24.0, "humi": 41.0, "cpu": 39.5}, {"time": "2022/08/01 16:27:46", "temp": 24.0, "humi": 41.0, "cpu": 40.1}, {"time": "2022/08/01 16:27:59", "temp": 24.0, "humi": 39.0, "cpu": 40.1}, {"time": "2022/08/01 16:28:10", "temp": 24.0, "humi": 40.0, "cpu": 40.1}, {"time": "2022/08/01 16:28:21", "temp": 24.0, "humi": 37.0, "cpu": 39.5}, {"time": "2022/08/01 16:28:33", "temp": 24.0, "humi": 39.0, "cpu": 40.1}, {"time": "2022/08/01 16:28:44", "temp": 24.0, "humi": 38.0, "cpu": 40.1}, {"time": "2022/08/01 16:28:54", "temp": 24.0, "humi": 40.0, "cpu": 39.5}, {"time": "2022/08/01 16:29:08", "temp": 24.0, "humi": 37.0, "cpu": 40.1}, {"time": "2022/08/01 16:29:20", "temp": 24.0, "humi": 38.0, "cpu": 40.1}, {"time": "2022/08/01 16:29:31", "temp": 24.0, "humi": 42.0, "cpu": 40.1}, {"time": "2022/08/01 16:29:43", "temp": 24.0, "humi": 39.0, "cpu": 40.1}, {"time": "2022/08/01 16:29:55", "temp": 24.0, "humi": 41.0, "cpu": 39.5}, {"time": "2022/08/01 16:30:06", "temp": 24.0, "humi": 39.0, "cpu": 40.1}, {"time": "2022/08/01 16:30:17", "temp": 24.0, "humi": 41.0, "cpu": 40.1}, {"time": "2022/08/01 16:30:29", "temp": 24.0, "humi": 40.0, "cpu": 40.1}, {"time": "2022/08/01 16:30:44", "temp": 24.0, "humi": 38.0, "cpu": 39.0}, {"time": "2022/08/01 16:30:57", "temp": 24.0, "humi": 40.0, "cpu": 39.0}, {"time": "2022/08/01 16:31:11", "temp": 24.0, "humi": 39.0, "cpu": 40.1}, {"time": "2022/08/01 16:31:23", "temp": 24.0, "humi": 41.0, "cpu": 39.5}, {"time": "2022/08/01 16:31:33", "temp": 24.0, "humi": 40.0, "cpu": 40.1}, {"time": "2022/08/01 16:31:47", "temp": 24.0, "humi": 39.0, "cpu": 40.1}, {"time": "2022/08/01 16:32:01", "temp": 24.0, "humi": 39.0, "cpu": 40.1}, {"time": "2022/08/01 16:32:13", "temp": 24.0, "humi": 40.0, "cpu": 39.5}, {"time": "2022/08/01 16:32:25", "temp": 24.0, "humi": 41.0, "cpu": 40.1}, {"time": "2022/08/01 16:32:35", "temp": 24.0, "humi": 40.0, "cpu": 39.5}, {"time": "2022/08/01 16:32:51", "temp": 24.0, "humi": 39.0, "cpu": 40.1}, {"time": "2022/08/01 16:33:05", "temp": 24.0, "humi": 39.0, "cpu": 40.1}, {"time": "2022/08/01 16:33:15", "temp": 24.0, "humi": 43.0, "cpu": 39.5}, {"time": "2022/08/01 16:33:26", "temp": 24.0, "humi": 41.0, "cpu": 40.1}, {"time": "2022/08/01 16:33:38", "temp": 24.0, "humi": 40.0, "cpu": 40.1}, {"time": "2022/08/01 16:33:50", "temp": 24.0, "humi": 41.0, "cpu": 39.0}, {"time": "2022/08/01 16:34:01", "temp": 24.0, "humi": 41.0, "cpu": 40.1}, {"time": "2022/08/01 16:34:16", "temp": 24.0, "humi": 39.0, "cpu": 40.1}, {"time": "2022/08/01 16:34:28", "temp": 24.0, "humi": 40.0, "cpu": 39.5}, {"time": "2022/08/01 16:34:40", "temp": 24.0, "humi": 41.0, "cpu": 40.1}, {"time": "2022/08/01 16:34:54", "temp": 24.0, "humi": 38.0, "cpu": 40.1}, {"time": "2022/08/01 16:35:07", "temp": 24.0, "humi": 39.0, "cpu": 40.1}, {"time": "2022/08/01 16:35:18", "temp": 24.0, "humi": 41.0, "cpu": 41.2}, {"time": "2022/08/01 16:35:31", "temp": 24.0, "humi": 39.0, "cpu": 40.1}, {"time": "2022/08/01 16:35:43", "temp": 24.0, "humi": 41.0, "cpu": 40.1}, {"time": "2022/08/01 16:35:55", "temp": 24.0, "humi": 41.0, "cpu": 39.5}, {"time": "2022/08/01 16:36:07", "temp": 24.0, "humi": 39.0, "cpu": 39.5}, {"time": "2022/08/01 16:36:19", "temp": 24.0, "humi": 41.0, "cpu": 39.0}, {"time": "2022/08/01 16:36:30", "temp": 24.0, "humi": 41.0, "cpu": 39.0}, {"time": "2022/08/01 16:36:44", "temp": 24.0, "humi": 39.0, "cpu": 40.1}, {"time": "2022/08/01 16:36:56", "temp": 24.0, "humi": 41.0, "cpu": 39.5}, {"time": "2022/08/01 16:37:07", "temp": 24.0, "humi": 41.0, "cpu": 39.5}, {"time": "2022/08/01 16:37:19", "temp": 24.0, "humi": 41.0, "cpu": 39.0}, {"time": "2022/08/01 16:37:30", "temp": 24.0, "humi": 41.0, "cpu": 39.5}, {"time": "2022/08/01 16:37:41", "temp": 24.0, "humi": 40.0, "cpu": 39.5}, {"time": "2022/08/01 16:37:52", "temp": 24.0, "humi": 41.0, "cpu": 40.1}, {"time": "2022/08/01 16:38:04", "temp": 24.0, "humi": 41.0, "cpu": 39.5}, {"time": "2022/08/01 16:38:16", "temp": 24.0, "humi": 40.0, "cpu": 40.1}, {"time": "2022/08/01 16:38:29", "temp": 24.0, "humi": 40.0, "cpu": 40.1}, {"time": "2022/08/01 16:38:40", "temp": 24.0, "humi": 41.0, "cpu": 39.5}, {"time": "2022/08/01 16:38:56", "temp": 24.0, "humi": 39.0, "cpu": 39.5}, {"time": "2022/08/01 16:39:07", "temp": 24.0, "humi": 41.0, "cpu": 40.1}, {"time": "2022/08/01 16:39:19", "temp": 24.0, "humi": 41.0, "cpu": 39.5}, {"time": "2022/08/01 16:39:31", "temp": 24.0, "humi": 40.0, "cpu": 40.1}, {"time": "2022/08/01 16:39:45", "temp": 24.0, "humi": 39.0, "cpu": 39.5}, {"time": "2022/08/01 16:39:57", "temp": 24.0, "humi": 39.0, "cpu": 39.5}, {"time": "2022/08/01 16:40:11", "temp": 24.0, "humi": 40.0, "cpu": 39.5}, {"time": "2022/08/01 16:40:23", "temp": 24.0, "humi": 40.0, "cpu": 40.1}, {"time": "2022/08/01 16:40:36", "temp": 24.0, "humi": 40.0, "cpu": 40.1}, {"time": "2022/08/01 16:40:47", "temp": 24.0, "humi": 41.0, "cpu": 39.5}, {"time": "2022/08/01 16:40:57", "temp": 24.0, "humi": 40.0, "cpu": 40.1}, {"time": "2022/08/01 16:41:11", "temp": 24.0, "humi": 40.0, "cpu": 39.5}, {"time": "2022/08/01 16:41:23", "temp": 24.0, "humi": 41.0, "cpu": 39.5}, {"time": "2022/08/01 16:41:34", "temp": 24.0, "humi": 40.0, "cpu": 40.1}, {"time": "2022/08/01 16:41:46", "temp": 24.0, "humi": 38.0, "cpu": 39.5}, {"time": "2022/08/01 16:41:58", "temp": 24.0, "humi": 40.0, "cpu": 40.1}, {"time": "2022/08/01 16:42:08", "temp": 24.0, "humi": 38.0, "cpu": 40.1}, {"time": "2022/08/01 16:42:20", "temp": 24.0, "humi": 41.0, "cpu": 39.5}, {"time": "2022/08/01 16:42:31", "temp": 24.0, "humi": 41.0, "cpu": 40.1}, {"time": "2022/08/01 16:42:43", "temp": 24.0, "humi": 41.0, "cpu": 40.1}, {"time": "2022/08/01 16:42:56", "temp": 24.0, "humi": 40.0, "cpu": 40.1}, {"time": "2022/08/01 16:43:10", "temp": 24.0, "humi": 39.0, "cpu": 40.1}, {"time": "2022/08/01 16:43:22", "temp": 24.0, "humi": 41.0, "cpu": 40.1}, {"time": "2022/08/01 16:43:33", "temp": 24.0, "humi": 41.0, "cpu": 39.0}, {"time": "2022/08/01 16:43:46", "temp": 24.0, "humi": 39.0, "cpu": 39.5}, {"time": "2022/08/01 16:43:59", "temp": 24.0, "humi": 39.0, "cpu": 39.5}, {"time": "2022/08/01 16:44:11", "temp": 24.0, "humi": 41.0, "cpu": 39.5}, {"time": "2022/08/01 16:44:22", "temp": 24.0, "humi": 41.0, "cpu": 40.1}, {"time": "2022/08/01 16:44:32", "temp": 24.0, "humi": 40.0, "cpu": 40.1}, {"time": "2022/08/01 16:44:44", "temp": 24.0, "humi": 41.0, "cpu": 40.1}, {"time": "2022/08/01 16:44:55", "temp": 24.0, "humi": 41.0, "cpu": 39.0}, {"time": "2022/08/01 16:45:09", "temp": 24.0, "humi": 39.0, "cpu": 39.0}, {"time": "2022/08/01 16:45:20", "temp": 24.0, "humi": 41.0, "cpu": 40.1}, {"time": "2022/08/01 16:45:31", "temp": 24.0, "humi": 39.0, "cpu": 40.1}, {"time": "2022/08/01 16:45:43", "temp": 24.0, "humi": 39.0, "cpu": 39.5}, {"time": "2022/08/02 22:17:01", "temp": 25.0, "humi": 45.0, "cpu": 41.2}, {"time": "2022/08/02 22:17:12", "temp": 25.0, "humi": 46.0, "cpu": 41.7}, {"time": "2022/08/02 22:17:23", "temp": 25.0, "humi": 46.0, "cpu": 41.2}, {"time": "2022/08/02 22:17:35", "temp": 25.0, "humi": 46.0, "cpu": 41.2}, {"time": "2022/08/02 22:17:46", "temp": 25.0, "humi": 46.0, "cpu": 41.2}, {"time": "2022/08/02 22:17:57", "temp": 25.0, "humi": 46.0, "cpu": 41.2}, {"time": "2022/08/02 22:18:10", "temp": 25.0, "humi": 45.0, "cpu": 41.2}, {"time": "2022/08/02 22:18:21", "temp": 25.0, "humi": 46.0, "cpu": 41.7}, {"time": "2022/08/02 22:18:35", "temp": 25.0, "humi": 45.0, "cpu": 41.2}, {"time": "2022/08/02 22:18:47", "temp": 25.0, "humi": 45.0, "cpu": 41.2}, {"time": "2022/08/02 22:19:02", "temp": 26.0, "humi": 45.0, "cpu": 41.2}, {"time": "2022/08/02 22:19:15", "temp": 26.0, "humi": 45.0, "cpu": 40.6}, {"time": "2022/08/02 22:19:27", "temp": 26.0, "humi": 47.0, "cpu": 41.2}, {"time": "2022/08/02 22:19:38", "temp": 26.0, "humi": 46.0, "cpu": 41.2}, {"time": "2022/08/02 22:19:50", "temp": 26.0, "humi": 45.0, "cpu": 41.7}, {"time": "2022/08/02 22:20:02", "temp": 26.0, "humi": 46.0, "cpu": 41.2}, {"time": "2022/08/02 22:20:14", "temp": 26.0, "humi": 46.0, "cpu": 40.6}, {"time": "2022/08/02 22:20:26", "temp": 26.0, "humi": 46.0, "cpu": 41.2}, {"time": "2022/08/02 22:20:37", "temp": 26.0, "humi": 46.0, "cpu": 41.2}, {"time": "2022/08/02 22:20:49", "temp": 26.0, "humi": 46.0, "cpu": 41.2}, {"time": "2022/08/02 22:21:00", "temp": 26.0, "humi": 46.0, "cpu": 41.2}, {"time": "2022/08/02 22:21:11", "temp": 26.0, "humi": 46.0, "cpu": 41.2}, {"time": "2022/08/02 22:21:25", "temp": 26.0, "humi": 45.0, "cpu": 41.2}, {"time": "2022/08/02 22:21:38", "temp": 26.0, "humi": 45.0, "cpu": 41.7}, {"time": "2022/08/02 22:21:50", "temp": 26.0, "humi": 46.0, "cpu": 41.2}, {"time": "2022/08/02 22:22:02", "temp": 26.0, "humi": 46.0, "cpu": 41.2}, {"time": "2022/08/02 22:22:12", "temp": 27.0, "humi": 45.0, "cpu": 41.7}, {"time": "2022/08/02 22:22:24", "temp": 26.0, "humi": 46.0, "cpu": 42.2}, {"time": "2022/08/02 22:22:34", "temp": 27.0, "humi": 44.0, "cpu": 41.2}, {"time": "2022/08/02 22:22:44", "temp": 26.0, "humi": 46.0, "cpu": 42.2}, {"time": "2022/08/02 22:22:56", "temp": 26.0, "humi": 47.0, "cpu": 41.2}, {"time": "2022/08/02 22:23:08", "temp": 26.0, "humi": 46.0, "cpu": 41.2}, {"time": "2022/08/02 22:23:23", "temp": 26.0, "humi": 46.0, "cpu": 40.6}, {"time": "2022/08/02 22:23:34", "temp": 26.0, "humi": 46.0, "cpu": 41.7}, {"time": "2022/08/02 22:23:45", "temp": 26.0, "humi": 46.0, "cpu": 41.2}, {"time": "2022/08/02 22:23:57", "temp": 26.0, "humi": 46.0, "cpu": 42.2}, {"time": "2022/08/02 22:24:08", "temp": 26.0, "humi": 47.0, "cpu": 41.7}, {"time": "2022/08/02 22:24:24", "temp": 26.0, "humi": 46.0, "cpu": 41.7}, {"time": "2022/08/02 22:33:36", "temp": 26.0, "humi": 46.0, "cpu": 49.2}, {"time": "2022/08/02 22:33:46", "temp": 27.0, "humi": 49.0, "cpu": 47.1}, {"time": "2022/08/02 22:33:56", "temp": 27.0, "humi": 48.0, "cpu": 46.5}, {"time": "2022/08/02 22:34:07", "temp": 27.0, "humi": 48.0, "cpu": 45.5}, {"time": "2022/08/02 22:34:33", "temp": 27.0, "humi": 47.0, "cpu": 44.9}, {"time": "2022/08/02 22:34:52", "temp": 27.0, "humi": 46.0, "cpu": 45.5}, {"time": "2022/08/02 22:35:11", "temp": 27.0, "humi": 46.0, "cpu": 45.5}, {"time": "2022/08/02 22:35:27", "temp": 27.0, "humi": 46.0, "cpu": 44.4}, {"time": "2022/08/02 22:35:40", "temp": 27.0, "humi": 46.0, "cpu": 44.9}, {"time": "2022/08/02 22:35:51", "temp": 27.0, "humi": 47.0, "cpu": 43.9}]