{
  "Afghanistan": 63.2,
  "Albania": 78.0,
  "Algeria": 77.1,
  "Angola": 63.1,
  "Antigua and Barbuda": 76.5,
  "Argentina": 76.6,
  "Armenia": 76.0,
  "Australia": 83.0,
  "Austria": 81.6,
  "Azerbaijan": 71.4,
  "Bahamas": 73.2,
  "Bahrain": 75.8,
  "Bangladesh": 74.3,
  "Barbados": 76.0,
  "Belarus": 74.8,
  "Belgium": 81.4,
  "Belize": 74.4,
  "Benin": 63.4,
  "Bhutan": 73.1,
  "Bolivia": 72.1,
  "Bosnia and Herzegovina": 76.8,
  "Botswana": 62.2,
  "Brazil": 75.9,
  "Brunei Darussalam": 74.3,
  "Bulgaria": 75.1,
  "Burkina Faso": 62.7,
  "Burundi": 63.8,
  "Cabo Verde": 74.0,
  "Cambodia": 70.1,
  "Cameroon": 62.4,
  "Canada": 82.2,
  "Central African Republic": 53.1,
  "Chad": 59.6,
  "Chile": 80.7,
  "China": 77.4,
  "Colombia": 79.3,
  "Comoros": 67.4,
  "Congo": 64.7,
  "Costa Rica": 80.8,
  "Côte d'Ivoire": 62.9,
  "Croatia": 78.6,
  "Cuba": 77.8,
  "Cyprus": 83.1,
  "Czechia": 79.1,
  "Democratic People's Republic of Korea": 72.6,
  "Democratic Republic of the Congo": 62.4,
  "Denmark": 81.3,
  "Djibouti": 65.8,
  "Dominican Republic": 72.8,
  "Ecuador": 78.4,
  "Egypt": 71.8,
  "El Salvador": 75.0,
  "Equatorial Guinea": 62.2,
  "Eritrea": 64.1,
  "Estonia": 78.9,
  "Eswatini": 57.7,
  "Ethiopia": 68.7,
  "Fiji": 68.0,
  "Finland": 81.6,
  "France": 82.5,
  "Gabon": 66.5,
  "Gambia": 65.5,
  "Georgia": 73.3,
  "Germany": 81.7,
  "Ghana": 66.3,
  "Greece": 81.1,
  "Grenada": 72.9,
  "Guatemala": 72.0,
  "Guinea": 61.0,
  "Guinea-Bissau": 60.2,
  "Guyana": 65.7,
  "Haiti": 64.1,
  "Honduras": 71.9,
  "Hungary": 76.4,
  "Iceland": 82.3,
  "India": 70.8,
  "Indonesia": 71.3,
  "Iran": 77.3,
  "Iraq": 72.4,
  "Ireland": 81.8,
  "Israel": 82.6,
  "Italy": 83.0,
  "Jamaica": 76.0,
  "Japan": 84.3,
  "Jordan": 77.9,
  "Kazakhstan": 74.0,
  "Kenya": 66.1,
  "Kiribati": 59.4,
  "Kuwait": 81.0,
  "Kyrgyzstan": 74.2,
  "Lao People's Democratic Republic": 68.5,
  "Latvia": 75.4,
  "Lebanon": 76.4,
  "Lesotho": 50.7,
  "Liberia": 64.1,
  "Libya": 75.8,
  "Lithuania": 76.0,
  "Luxembourg": 82.4,
  "Madagascar": 65.3,
  "Malawi": 65.6,
  "Malaysia": 74.7,
  "Maldives": 79.6,
  "Mali": 62.8,
  "Malta": 81.9,
  "Mauritania": 68.4,
  "Mauritius": 74.1,
  "Mexico": 76.0,
  "Micronesia": 63.0,
  "Mongolia": 68.1,
  "Montenegro": 75.9,
  "Morocco": 73.0,
  "Mozambique": 58.1,
  "Myanmar": 69.1,
  "Namibia": 64.6,
  "Nepal": 70.9,
  "Netherlands": 81.8,
  "New Zealand": 82.0,
  "Nicaragua": 75.0,
  "Niger": 63.3,
  "Nigeria": 62.6,
  "North Macedonia": 74.8,
  "Norway": 82.6,
  "Oman": 73.9,
  "Pakistan": 65.6,
  "Panama": 79.3,
  "Papua New Guinea": 65.3,
  "Paraguay": 75.8,
  "Peru": 79.9,
  "Philippines": 70.4,
  "Poland": 78.3,
  "Portugal": 81.6,
  "Qatar": 77.2,
  "Republic of Korea": 83.3,
  "Republic of Moldova": 73.3,
  "Romania": 75.6,
  "Russian Federation": 73.2,
  "Rwanda": 69.1,
  "Saint Lucia": 74.3,
  "Saint Vincent and the Grenadines": 73.2,
  "Samoa": 70.5,
  "Sao Tome and Principe": 70.4,
  "Saudi Arabia": 74.3,
  "Senegal": 68.6,
  "Serbia": 75.9,
  "Seychelles": 73.3,
  "Sierra Leone": 60.8,
  "Singapore": 83.2,
  "Slovakia": 78.2,
  "Slovenia": 81.3,
  "Solomon Islands": 65.2,
  "Somalia": 56.5,
  "South Africa": 65.3,
  "South Sudan": 62.8,
  "Spain": 83.2,
  "Sri Lanka": 76.9,
  "Sudan": 69.1,
  "Suriname": 71.5,
  "Sweden": 82.4,
  "Switzerland": 83.4,
  "Syrian Arab Republic": 72.7,
  "Tajikistan": 69.5,
  "Thailand": 77.7,
  "Timor-Leste": 69.6,
  "Togo": 64.3,
  "Tonga": 72.6,
  "Trinidad and Tobago": 76.1,
  "Tunisia": 77.0,
  "Turkey": 78.6,
  "Turkmenistan": 69.7,
  "Uganda": 66.7,
  "Ukraine": 73.0,
  "United Arab Emirates": 76.1,
  "United Kingdom": 81.4,
  "United Republic of Tanzania": 67.3,
  "United States of America": 78.5,
  "Uruguay": 77.1,
  "Uzbekistan": 73.0,
  "Vanuatu": 65.3,
  "Venezuela": 73.9,
  "Viet Nam": 73.7,
  "Yemen": 66.6,
  "Zambia": 62.5,
  "Zimbabwe": 60.7,
  "African Region": 64.5,
  "Region of the Americas": 77.2,
  "South-East Asia Region": 71.4,
  "European Region": 78.2,
  "Eastern Mediterranean Region": 69.7,
  "Western Pacific Region": 77.7,
  "Global": 73.3
}