[
    {
        "name": "ナスとベーコンの熱々パスタセット",
        "price": 1200,
        "mtype": "本日のお勧め"
    },
    {
        "name": "絶品カニのトマトクリームパスタセット",
        "price": 1520,
        "mtype": "本日のお勧め"
    },
    {
        "name": "フライドポテト",
        "price": 300,
        "mtype": "通常"
    },
    {
        "name": "絶品ハンバーグ",
        "price": 800,
        "mtype": "通常"
    },
    {
        "name": "和風おろしハンバーグ",
        "price": 830,
        "mtype": "通常"
    },
    {
        "name": "懐かしいチーズピザ",
        "price": 700,
        "mtype": "通常"
    },
    {
        "name": "ゴロゴロじゃがいもカレー",
        "price": 950,
        "mtype": "通常"
    },
    {
        "name": "和牛の贅沢カレー",
        "price": 1300,
        "mtype": "通常"
    },
    {
        "name": "シェフ自慢のカルボナーラ",
        "price": 1100,
        "mtype": "通常"
    }
]