[
  {
    "parents": ["木下弥右衛門", "なか"],
    "children": ["豊臣秀吉", "とも"]
  },
  {
    "parents": ["豊臣秀吉", "おね(正室)"],
    "children": []
  },
  {
    "parents": ["豊臣秀吉", "茶々"],
    "children": ["豊臣鶴松", "豊臣秀頼"]
  },
  {
    "parents": ["三好良房", "とも"],
    "children": ["豊臣秀次", "豊臣秀勝", "豊臣秀保"]
  },
  {
    "parents": ["豊臣秀頼", "千姫"],
    "children": ["豊臣国松"]
  },
  {
    "parents": ["徳川秀忠", " お江"],
    "children": ["千姫"]
  }
]