[
  {
    "note": 60,
    "length": 240
  },
  {
    "note": 62,
    "length": 240
  },
  {
    "note": 64,
    "length": 240
  },
  {
    "note": 65,
    "length": 240
  },
  {
    "note": 64,
    "length": 240
  },
  {
    "note": 62,
    "length": 240
  },
  {
    "note": 60,
    "length": 480
  },
  {
    "note": 64,
    "length": 240
  },
  {
    "note": 65,
    "length": 240
  },
  {
    "note": 67,
    "length": 240
  },
  {
    "note": 69,
    "length": 240
  },
  {
    "note": 67,
    "length": 240
  },
  {
    "note": 65,
    "length": 240
  },
  {
    "note": 64,
    "length": 480
  }
]