{
  "idea": "プログラマーのためのカフェ",
  "children": [
    { "idea": "無料Wi-Fiが高速" },
    { "idea": "技術書の本棚がある" },
    {
      "idea": "ドリンク",
      "children": [
        { "idea": "おかわり自由" },
        { "idea": "エナジードリンクがある" },
        { "idea": "コーヒーの豆を選べる" },
        { "idea": "豊富な紅茶パック" }
      ]
    },
    {
      "idea": "電源使いたい放題",
      "children": [
        { "idea": "主要PCの充電器無料貸し出し" },
        {
          "idea": "USB充電ポートがある",
          "children": [
            { "idea": "急速充電対応" },
            { "idea": "PDに対応している" },
            { "idea": "大量のUSBポートがある" }
          ]
         }
      ]
    },
    {
      "idea": "プリントサービス",
      "children": [
        { "idea": "名刺印刷も対応" },
        { "idea": "気軽に印刷できる" },
        { "idea": "郵送サービスあり" }
      ]
    },
    {
      "idea": "会議室サービス",
      "children": [
        { "idea": "ネット予約できる" },
        { "idea": "プロジェクターあり" },
        { "idea": "勉強会にも使える" }
      ]
    }
  ]
}