{
  "idea": "中心となるアイデア",
  "children": [
      {
        "idea": "アイデア1",
        "children": [
          { "idea": "アイデア1-A" },
          { "idea": "アイデア1-B" },
          { "idea": "アイデア1-C" }
        ]
      },
      {
        "idea": "アイデア2",
        "children": [
          { "idea": "アイデア2-A" },
          { "idea": "アイデア2-B" }
        ]
      },
      {
        "idea": "アイデア3",
        "children": [
          { "idea": "アイデア3-A" },
          { "idea": "アイデア3-B" }
        ]
      }
  ]
}
