[{"note": 60, "length": 240}, {"note": 62, "length": 240}, {"note": 64, "length": 240}, {"note": -1, "length": 240}, {"note": 72, "length": 240}, {"note": 74, "length": 240}, {"note": 76, "length": 240}, {"note": -1, "length": 240}, {"note": 79, "length": 240}, {"note": 76, "length": 240}, {"note": 74, "length": 240}, {"note": 72, "length": 240}, {"note": 74, "length": 240}, {"note": 76, "length": 240}, {"note": 74, "length": 240}, {"note": -1, "length": 240}, {"note": 60, "length": 240}, {"note": 62, "length": 240}, {"note": 64, "length": 240}, {"note": -1, "length": 240}, {"note": 62, "length": 240}, {"note": 60, "length": 240}, {"note": 62, "length": 240}, {"note": 64, "length": 240}, {"note": 60, "length": 240}, {"note": 62, "length": 240}, {"note": -1, "length": 240}, {"note": 72, "length": 240}, {"note": 74, "length": 240}, {"note": 76, "length": 240}, {"note": 77, "length": 240}, {"note": 79, "length": 240}]